Position X,Position Y,Position Z,Unit,Category,Collection,Time,Default.Labels,ID
576.189,893.182,342.525,µm,Spot,Position,1,,0
441.02,106.785,371.499,µm,Spot,Position,1,,1
430.839,106.586,380.739,µm,Spot,Position,1,,2
443.694,99.6545,384.054,µm,Spot,Position,1,,3
420.452,106.888,389.586,µm,Spot,Position,1,,4
433.266,100.393,393.521,µm,Spot,Position,1,,5
423.148,102.049,402.887,µm,Spot,Position,1,,6
436.617,96.9747,406.36,µm,Spot,Position,1,,7
495.619,105.723,352.54,µm,Spot,Position,1,,8
509.284,103.245,354.017,µm,Spot,Position,1,,9
473.914,105.412,357.951,µm,Spot,Position,1,,10
486.406,101.405,360.172,µm,Spot,Position,1,,11
500.539,98.2658,362.089,µm,Spot,Position,1,,12
463.881,101.893,365.625,µm,Spot,Position,1,,13
477.224,98.1167,368.611,µm,Spot,Position,1,,14
491.062,94.6241,371.131,µm,Spot,Position,1,,15
505.013,93.411,373.719,µm,Spot,Position,1,,16
453.983,100.175,374.997,µm,Spot,Position,1,,17
467.034,95.6773,377.72,µm,Spot,Position,1,,18
481.655,92.2098,381.253,µm,Spot,Position,1,,19
495.837,90.3084,383.69,µm,Spot,Position,1,,20
457.554,95.4126,387.529,µm,Spot,Position,1,,21
471.503,91.431,390.541,µm,Spot,Position,1,,22
486.381,88.9044,393.171,µm,Spot,Position,1,,23
501.106,88.1292,395.942,µm,Spot,Position,1,,24
446.942,95.5613,396.903,µm,Spot,Position,1,,25
461.665,91.8101,400.519,µm,Spot,Position,1,,26
476.367,88.524,403.58,µm,Spot,Position,1,,27
491.65,87.5703,406.607,µm,Spot,Position,1,,28
523.131,103.116,355.586,µm,Spot,Position,1,,29
536.6,103.374,357.006,µm,Spot,Position,1,,30
549.823,106.718,358.813,µm,Spot,Position,1,,31
514.032,97.2372,363.801,µm,Spot,Position,1,,32
528.556,97.0842,365.99,µm,Spot,Position,1,,33
542.886,100.151,367.456,µm,Spot,Position,1,,34
556.464,103.897,368.773,µm,Spot,Position,1,,35
520.23,92.8525,375.681,µm,Spot,Position,1,,36
534.506,94.5932,377.597,µm,Spot,Position,1,,37
548.766,97.341,378.935,µm,Spot,Position,1,,38
562.806,101.228,379.466,µm,Spot,Position,1,,39
510.905,90.0392,385.656,µm,Spot,Position,1,,40
525.991,90.6173,388.183,µm,Spot,Position,1,,41
540.729,92.8391,389.752,µm,Spot,Position,1,,42
554.933,96.67,390.817,µm,Spot,Position,1,,43
569.393,101.205,391.063,µm,Spot,Position,1,,44
516.418,88.2122,398.534,µm,Spot,Position,1,,45
531.533,89.4369,400.349,µm,Spot,Position,1,,46
546.707,92.7747,402.14,µm,Spot,Position,1,,47
561.737,96.8035,402.42,µm,Spot,Position,1,,48
582.22,106.809,391.116,µm,Spot,Position,1,,49
575.531,102.109,402.843,µm,Spot,Position,1,,50
378.777,141.458,373.854,µm,Spot,Position,1,,51
367.122,142.014,381.514,µm,Spot,Position,1,,52
348.471,155.119,385.142,µm,Spot,Position,1,,53
376.962,133.053,386.751,µm,Spot,Position,1,,54
356.68,144.875,389.887,µm,Spot,Position,1,,55
338.159,157.827,393.267,µm,Spot,Position,1,,56
366.464,136.195,395.061,µm,Spot,Position,1,,57
320.22,172.734,396.171,µm,Spot,Position,1,,58
376.665,126.859,398.751,µm,Spot,Position,1,,59
346.32,148.538,398.545,µm,Spot,Position,1,,60
327.584,162.417,400.825,µm,Spot,Position,1,,61
355.432,139.375,403.222,µm,Spot,Position,1,,62
335.826,152.441,406.165,µm,Spot,Position,1,,63
366.122,129.975,407.736,µm,Spot,Position,1,,64
430.473,123.977,356.236,µm,Spot,Position,1,,65
439.932,115.699,359.223,µm,Spot,Position,1,,66
419.345,123.246,364.72,µm,Spot,Position,1,,67
429.677,114.078,367.966,µm,Spot,Position,1,,68
398.323,130.583,369.211,µm,Spot,Position,1,,69
408.336,122.106,373.609,µm,Spot,Position,1,,70
419.315,113.959,376.814,µm,Spot,Position,1,,71
387.284,131.169,378.759,µm,Spot,Position,1,,72
397.871,122.968,382.008,µm,Spot,Position,1,,73
408.541,114.301,385.689,µm,Spot,Position,1,,74
386.89,124.174,390.875,µm,Spot,Position,1,,75
398.197,115.87,395.237,µm,Spot,Position,1,,76
410.408,108.712,398.969,µm,Spot,Position,1,,77
387.848,119.038,403.466,µm,Spot,Position,1,,78
491.636,112.633,343.538,µm,Spot,Position,1,,79
504.776,110.838,345.39,µm,Spot,Position,1,,80
471.249,114.151,347.201,µm,Spot,Position,1,,81
482.972,109.165,350.556,µm,Spot,Position,1,,82
450.475,119.128,352.471,µm,Spot,Position,1,,83
461.206,111.733,355.224,µm,Spot,Position,1,,84
451.634,108.952,363.319,µm,Spot,Position,1,,85
517.41,109.73,346.718,µm,Spot,Position,1,,86
530.265,109.659,348.74,µm,Spot,Position,1,,87
542.679,110.821,349.65,µm,Spot,Position,1,,88
555.295,114.761,351.684,µm,Spot,Position,1,,89
562.4,112.196,360.506,µm,Spot,Position,1,,90
573.849,119.03,360.84,µm,Spot,Position,1,,91
569.206,109.66,369.413,µm,Spot,Position,1,,92
580.965,116.801,369.485,µm,Spot,Position,1,,93
590.831,125.974,369.352,µm,Spot,Position,1,,94
597.83,123.732,379.291,µm,Spot,Position,1,,96
576.148,108.185,379.765,µm,Spot,Position,1,,98
588.158,114.409,379.378,µm,Spot,Position,1,,99
605.774,133.681,378.997,µm,Spot,Position,1,,100
614.543,132.936,389.632,µm,Spot,Position,1,,101
622.79,143.852,387.532,µm,Spot,Position,1,,102
604.69,124.229,389.775,µm,Spot,Position,1,,103
594.485,114.341,390.697,µm,Spot,Position,1,,104
631.109,143.941,397.234,µm,Spot,Position,1,,105
621.974,133.913,399.086,µm,Spot,Position,1,,106
638.163,154.183,397.536,µm,Spot,Position,1,,107
612.075,124.392,400.664,µm,Spot,Position,1,,108
600.697,115.606,401.722,µm,Spot,Position,1,,109
588.835,107.921,402.569,µm,Spot,Position,1,,110
646.483,155.437,407.29,µm,Spot,Position,1,,111
310.903,180.789,401.355,µm,Spot,Position,1,,112
722.859,815.99,405.598,µm,Spot,Position,1,,113
436.777,882.197,381.156,µm,Spot,Position,1,,115
425.58,880.313,388.086,µm,Spot,Position,1,,116
414.712,877.834,393.921,µm,Spot,Position,1,,117
396.178,867.879,397.609,µm,Spot,Position,1,,118
404.277,875.806,401.653,µm,Spot,Position,1,,119
384.26,863.323,404.099,µm,Spot,Position,1,,120
625.823,882.085,348.511,µm,Spot,Position,1,,125
637.127,875.81,351.031,µm,Spot,Position,1,,126
655.347,868.034,358.856,µm,Spot,Position,1,,127
645.626,876.905,358.97,µm,Spot,Position,1,,128
653.215,877.615,367.406,µm,Spot,Position,1,,129
663.301,868.069,368.318,µm,Spot,Position,1,,130
672.426,857.995,367.944,µm,Spot,Position,1,,131
687.497,847.968,376.938,µm,Spot,Position,1,,132
679.847,858.316,377.738,µm,Spot,Position,1,,133
671.298,868.744,377.356,µm,Spot,Position,1,,134
660.199,877.395,378.164,µm,Spot,Position,1,,135
695.178,845.334,386.965,µm,Spot,Position,1,,136
687.469,857.525,388.441,µm,Spot,Position,1,,137
677.414,866.974,389.046,µm,Spot,Position,1,,138
666.689,876.906,389.574,µm,Spot,Position,1,,139
702.191,843.112,397.872,µm,Spot,Position,1,,140
693.793,854.254,399.096,µm,Spot,Position,1,,141
684.346,865.128,399.501,µm,Spot,Position,1,,142
673.365,874.555,400.467,µm,Spot,Position,1,,143
661.305,883.185,401.004,µm,Spot,Position,1,,144
708.649,831.294,396.816,µm,Spot,Position,1,,145
716.144,828.207,407.173,µm,Spot,Position,1,,146
435.892,888.44,392.827,µm,Spot,Position,1,,147
424.152,886.854,400.176,µm,Spot,Position,1,,148
436.129,893.998,405.435,µm,Spot,Position,1,,149
490.169,893.152,364.088,µm,Spot,Position,1,,150
501.894,898.049,366.026,µm,Spot,Position,1,,151
468.483,889.34,369.827,µm,Spot,Position,1,,153
479.356,894.626,371.615,µm,Spot,Position,1,,154
491.429,900.962,375.013,µm,Spot,Position,1,,155
457.087,888.978,376.732,µm,Spot,Position,1,,156
504.164,905.924,378.189,µm,Spot,Position,1,,157
468.511,896.341,380.646,µm,Spot,Position,1,,158
446.989,889.447,384.413,µm,Spot,Position,1,,159
481.039,902.004,383.932,µm,Spot,Position,1,,160
493.603,907.415,387.64,µm,Spot,Position,1,,161
457.608,896.725,388.67,µm,Spot,Position,1,,162
507.173,911.574,390.886,µm,Spot,Position,1,,163
470.126,902.56,393.032,µm,Spot,Position,1,,164
483.295,907.551,396.509,µm,Spot,Position,1,,165
447.26,895.394,397.306,µm,Spot,Position,1,,166
496.936,911.188,400.586,µm,Spot,Position,1,,167
459.188,902.09,401.656,µm,Spot,Position,1,,168
472.195,907.271,405.775,µm,Spot,Position,1,,169
554.878,895.148,348.216,µm,Spot,Position,1,,171
567.648,897.909,350.377,µm,Spot,Position,1,,172
533.688,894.973,353.591,µm,Spot,Position,1,,173
545.669,899.795,355.751,µm,Spot,Position,1,,174
511.946,894.612,357.673,µm,Spot,Position,1,,175
559.163,903.257,357.874,µm,Spot,Position,1,,176
573.06,904.418,360.031,µm,Spot,Position,1,,177
523.668,899.719,360.629,µm,Spot,Position,1,,178
536.194,904.467,363.233,µm,Spot,Position,1,,179
549.749,907.4,366.463,µm,Spot,Position,1,,180
514.149,902.865,369.46,µm,Spot,Position,1,,181
564.317,908.999,369.174,µm,Spot,Position,1,,182
526.873,907.415,372.416,µm,Spot,Position,1,,183
540.626,910.633,375.697,µm,Spot,Position,1,,184
555.271,913.092,378.408,µm,Spot,Position,1,,185
570.025,913.625,380.771,µm,Spot,Position,1,,186
516.994,910.463,381.32,µm,Spot,Position,1,,187
530.878,914.103,384.818,µm,Spot,Position,1,,188
545.144,915.222,387.808,µm,Spot,Position,1,,189
560.366,916.004,390.976,µm,Spot,Position,1,,190
521.417,914.537,394.272,µm,Spot,Position,1,,191
535.154,916.729,397.588,µm,Spot,Position,1,,192
550.974,918.058,400.905,µm,Spot,Position,1,,193
510.869,915.341,403.696,µm,Spot,Position,1,,194
566.268,917.595,403.543,µm,Spot,Position,1,,195
525.897,917.396,407.322,µm,Spot,Position,1,,197
601.595,890.102,345.954,µm,Spot,Position,1,,198
588.824,891.886,344.723,µm,Spot,Position,1,,199
614.368,886.824,346.431,µm,Spot,Position,1,,200
581.439,898.978,351.503,µm,Spot,Position,1,,201
594.7,897.358,353.413,µm,Spot,Position,1,,202
608.616,894.798,354.652,µm,Spot,Position,1,,203
621.093,890.15,356.716,µm,Spot,Position,1,,204
633.971,884.988,357.744,µm,Spot,Position,1,,205
587.181,904.239,361.602,µm,Spot,Position,1,,206
601.865,901.705,363.818,µm,Spot,Position,1,,207
628.963,893.263,366.202,µm,Spot,Position,1,,208
615.129,897.099,365.504,µm,Spot,Position,1,,209
578.681,908.534,371.725,µm,Spot,Position,1,,210
593.464,907.427,373.192,µm,Spot,Position,1,,211
608.156,903.952,375.123,µm,Spot,Position,1,,212
622.257,899.354,376.866,µm,Spot,Position,1,,213
636.078,893.537,377.843,µm,Spot,Position,1,,214
585.126,912.216,383.296,µm,Spot,Position,1,,215
599.894,908.213,385.616,µm,Spot,Position,1,,216
614.588,904.639,386.84,µm,Spot,Position,1,,217
628.817,899.601,388.203,µm,Spot,Position,1,,218
576.003,915.003,393.211,µm,Spot,Position,1,,219
590.873,912.305,395.553,µm,Spot,Position,1,,220
606.336,909.315,398.068,µm,Spot,Position,1,,221
620.424,903.379,399.629,µm,Spot,Position,1,,222
635.178,898.417,399.8,µm,Spot,Position,1,,223
581.534,914.893,406.246,µm,Spot,Position,1,,224
641.835,886.196,367.099,µm,Spot,Position,1,,225
648.508,886.123,378.094,µm,Spot,Position,1,,226
655.227,885.978,389.354,µm,Spot,Position,1,,227
642.758,893.576,389.306,µm,Spot,Position,1,,228
648.292,891.416,401.147,µm,Spot,Position,1,,229
412.959,104.86,412.196,µm,Spot,Position,1,,230
426.748,99.7095,416.278,µm,Spot,Position,1,,231
440.902,94.9725,420.736,µm,Spot,Position,1,,232
416.993,102.904,425.846,µm,Spot,Position,1,,233
430.955,97.8685,430.361,µm,Spot,Position,1,,234
406.121,106.526,435.477,µm,Spot,Position,1,,235
421.295,101.885,440.079,µm,Spot,Position,1,,236
436.193,97.4602,444.028,µm,Spot,Position,1,,237
410.557,105.787,450.341,µm,Spot,Position,1,,238
425.892,102.536,453.979,µm,Spot,Position,1,,239
441.091,98.5557,457.929,µm,Spot,Position,1,,240
415.617,107.055,463.604,µm,Spot,Position,1,,241
431.043,103.547,467.677,µm,Spot,Position,1,,242
506.915,87.9303,409.27,µm,Spot,Position,1,,243
451.269,92.84,410.424,µm,Spot,Position,1,,244
466.122,89.2908,413.951,µm,Spot,Position,1,,245
481.731,87.833,417.166,µm,Spot,Position,1,,246
497.652,87.32,420.095,µm,Spot,Position,1,,247
456.212,91.5596,424.308,µm,Spot,Position,1,,248
471.734,89.7975,427.633,µm,Spot,Position,1,,249
487.714,89.0785,430.221,µm,Spot,Position,1,,250
503.211,87.9384,432.798,µm,Spot,Position,1,,251
446.081,94.7803,434.133,µm,Spot,Position,1,,252
461.384,91.5808,437.998,µm,Spot,Position,1,,253
477.332,90.3245,440.489,µm,Spot,Position,1,,254
493.49,90.2509,443.466,µm,Spot,Position,1,,255
508.884,90.6718,445.864,µm,Spot,Position,1,,256
451.673,94.5794,447.773,µm,Spot,Position,1,,257
467.236,92.9507,451.013,µm,Spot,Position,1,,258
483.627,91.8446,453.965,µm,Spot,Position,1,,259
499.254,93.2535,456.147,µm,Spot,Position,1,,260
457.389,96.5249,461.327,µm,Spot,Position,1,,261
489.592,95.5841,466.572,µm,Spot,Position,1,,263
505.611,96.1858,468.636,µm,Spot,Position,1,,264
447.133,100.98,471.092,µm,Spot,Position,1,,265
522.054,88.3327,411.383,µm,Spot,Position,1,,267
537.396,90.7646,412.797,µm,Spot,Position,1,,268
552.549,94.8661,413.869,µm,Spot,Position,1,,269
567.583,98.7648,414.356,µm,Spot,Position,1,,270
512.547,88.1301,422.167,µm,Spot,Position,1,,271
527.939,89.8842,423.822,µm,Spot,Position,1,,272
543.71,92.3651,425.354,µm,Spot,Position,1,,273
573.229,101.44,425.949,µm,Spot,Position,1,,274
558.826,95.8059,426.346,µm,Spot,Position,1,,275
518.596,89.8068,434.786,µm,Spot,Position,1,,276
534.233,92.5442,436.333,µm,Spot,Position,1,,277
549.653,95.2076,437.468,µm,Spot,Position,1,,278
564.722,99.6306,437.814,µm,Spot,Position,1,,279
524.808,92.6596,447.398,µm,Spot,Position,1,,280
540.335,95.828,448.562,µm,Spot,Position,1,,281
555.658,99.4646,449.433,µm,Spot,Position,1,,282
571.06,103.173,449.978,µm,Spot,Position,1,,283
514.936,94.2539,458.128,µm,Spot,Position,1,,284
530.867,96.9785,459.848,µm,Spot,Position,1,,285
546.24,99.9001,460.573,µm,Spot,Position,1,,286
562.099,103.933,461.296,µm,Spot,Position,1,,287
521.353,97.8039,470.602,µm,Spot,Position,1,,288
552.477,105.19,471.876,µm,Spot,Position,1,,289
536.995,100.911,471.803,µm,Spot,Position,1,,290
581.421,104.244,414.494,µm,Spot,Position,1,,291
587.906,106.679,426.059,µm,Spot,Position,1,,292
579.585,104.375,437.942,µm,Spot,Position,1,,293
314.685,165.621,422.046,µm,Spot,Position,1,,294
306.5,171.134,455.281,µm,Spot,Position,1,,295
308.065,171.545,468.696,µm,Spot,Position,1,,296
316.303,168.994,408.745,µm,Spot,Position,1,,297
345.494,143.909,411.477,µm,Spot,Position,1,,298
377.408,121.583,412.151,µm,Spot,Position,1,,299
325.258,159.441,413.712,µm,Spot,Position,1,,300
355.967,134.79,416.435,µm,Spot,Position,1,,301
335.399,148.999,419.523,µm,Spot,Position,1,,302
367.543,127.169,420.956,µm,Spot,Position,1,,303
345.334,140.431,424.657,µm,Spot,Position,1,,304
379.429,119.046,426.011,µm,Spot,Position,1,,305
325.163,156.171,427.143,µm,Spot,Position,1,,306
357.128,132.129,429.958,µm,Spot,Position,1,,307
335.506,147.128,433.443,µm,Spot,Position,1,,308
315.031,163.637,435.235,µm,Spot,Position,1,,309
369.742,124.714,435.298,µm,Spot,Position,1,,310
347.466,138.929,438.552,µm,Spot,Position,1,,311
325.583,154.23,440.949,µm,Spot,Position,1,,312
359.569,130.787,444.023,µm,Spot,Position,1,,313
337.418,146.089,446.697,µm,Spot,Position,1,,314
315.903,162.578,448.012,µm,Spot,Position,1,,315
373.092,123.784,449.314,µm,Spot,Position,1,,316
349.799,137.781,452.751,µm,Spot,Position,1,,317
327.281,153.643,454.664,µm,Spot,Position,1,,318
362.986,130.791,457.914,µm,Spot,Position,1,,319
339.799,145.307,460.738,µm,Spot,Position,1,,320
317.897,162.442,461.647,µm,Spot,Position,1,,321
376.721,124.472,463.282,µm,Spot,Position,1,,322
353.058,137.809,466.333,µm,Spot,Position,1,,323
330.641,153.889,468.078,µm,Spot,Position,1,,324
366.306,131.016,471.967,µm,Spot,Position,1,,325
399.486,110.675,407.93,µm,Spot,Position,1,,326
389.99,114.701,416.708,µm,Spot,Position,1,,327
402.657,108.029,421.91,µm,Spot,Position,1,,328
392.104,112.165,431.299,µm,Spot,Position,1,,329
382.499,117.884,439.824,µm,Spot,Position,1,,331
396.109,111.584,444.457,µm,Spot,Position,1,,332
385.913,117.222,454.522,µm,Spot,Position,1,,333
400.459,111.64,458.907,µm,Spot,Position,1,,334
390.893,118.428,467.987,µm,Spot,Position,1,,335
567.947,109.565,472.37,µm,Spot,Position,1,,336
638.148,144.621,408.334,µm,Spot,Position,1,,337
628.438,135.197,409.737,µm,Spot,Position,1,,338
617.698,126.518,411.601,µm,Spot,Position,1,,339
606.86,117.853,412.976,µm,Spot,Position,1,,340
594.933,110.275,414.047,µm,Spot,Position,1,,342
635.167,138.322,421.136,µm,Spot,Position,1,,343
623.807,129.558,422.496,µm,Spot,Position,1,,344
613.127,121.003,424.224,µm,Spot,Position,1,,345
600.479,113.349,425.14,µm,Spot,Position,1,,346
630.198,134.297,433.913,µm,Spot,Position,1,,347
619.438,124.988,435.753,µm,Spot,Position,1,,348
606.6,116.911,436.693,µm,Spot,Position,1,,349
593.41,110.644,437.893,µm,Spot,Position,1,,350
635.957,139.836,444.577,µm,Spot,Position,1,,351
625.238,130.027,446.528,µm,Spot,Position,1,,352
612.304,122.494,447.807,µm,Spot,Position,1,,353
599.347,115.02,449.112,µm,Spot,Position,1,,354
585.36,108.869,449.607,µm,Spot,Position,1,,355
630.069,137.124,456.708,µm,Spot,Position,1,,356
617.756,128.569,458.26,µm,Spot,Position,1,,357
604.578,121.431,459.818,µm,Spot,Position,1,,358
590.577,114.766,460.339,µm,Spot,Position,1,,359
576.652,108.944,461.085,µm,Spot,Position,1,,360
635.562,143.926,466.765,µm,Spot,Position,1,,361
622.747,135.965,468.064,µm,Spot,Position,1,,362
610.237,127.901,469.932,µm,Spot,Position,1,,363
582.014,114.393,471.833,µm,Spot,Position,1,,364
596.159,120.991,471.515,µm,Spot,Position,1,,365
653.292,159.422,418.678,µm,Spot,Position,1,,366
659.908,171.468,416.786,µm,Spot,Position,1,,367
644.815,148.875,419.282,µm,Spot,Position,1,,368
659.475,165.428,427.998,µm,Spot,Position,1,,369
651.917,153.304,430.103,µm,Spot,Position,1,,370
641.396,143.662,432.054,µm,Spot,Position,1,,371
657.604,160.433,439.981,µm,Spot,Position,1,,372
647.617,149.454,442.576,µm,Spot,Position,1,,373
662.894,167.516,449.215,µm,Spot,Position,1,,374
652.458,157.068,452.031,µm,Spot,Position,1,,375
641.58,146.347,454.713,µm,Spot,Position,1,,376
657.897,164.377,461.725,µm,Spot,Position,1,,377
646.825,153.938,463.97,µm,Spot,Position,1,,378
300.527,187.968,407.617,µm,Spot,Position,1,,379
306.561,176.181,415.152,µm,Spot,Position,1,,380
292.153,196.563,414.013,µm,Spot,Position,1,,381
283.74,205.727,419.965,µm,Spot,Position,1,,382
297.83,184.558,421.829,µm,Spot,Position,1,,383
275.996,215.483,426.82,µm,Spot,Position,1,,384
289.141,193.346,427.864,µm,Spot,Position,1,,385
305.516,173.129,428.811,µm,Spot,Position,1,,386
280.156,203.212,433.949,µm,Spot,Position,1,,387
296.477,182.29,435.797,µm,Spot,Position,1,,388
272.712,213.889,439.09,µm,Spot,Position,1,,389
305.224,171.702,442.385,µm,Spot,Position,1,,390
287.653,191.928,441.701,µm,Spot,Position,1,,391
266.494,225.87,441.324,µm,Spot,Position,1,,392
279.042,201.713,447.588,µm,Spot,Position,1,,393
295.752,181.012,448.759,µm,Spot,Position,1,,394
260.271,236.201,448.133,µm,Spot,Position,1,,395
270.701,212.432,452.578,µm,Spot,Position,1,,396
287.508,191.129,454.74,µm,Spot,Position,1,,397
264.432,224.498,456.572,µm,Spot,Position,1,,398
278.849,201.356,460.739,µm,Spot,Position,1,,399
297.142,180.727,461.84,µm,Spot,Position,1,,400
271.123,212.826,466.115,µm,Spot,Position,1,,401
288.071,190.778,468.101,µm,Spot,Position,1,,402
263.907,224.687,470.446,µm,Spot,Position,1,,403
665.497,178.541,425.201,µm,Spot,Position,1,,404
670.611,185.592,433.484,µm,Spot,Position,1,,405
664.74,172.631,437.408,µm,Spot,Position,1,,406
674.845,194.021,441.67,µm,Spot,Position,1,,407
670.52,179.481,446.069,µm,Spot,Position,1,,408
679.284,201.874,449.63,µm,Spot,Position,1,,409
675.141,187.782,454.564,µm,Spot,Position,1,,410
682.547,210.087,458.09,µm,Spot,Position,1,,411
667.433,175.686,458.689,µm,Spot,Position,1,,412
677.624,196.979,462.455,µm,Spot,Position,1,,413
671.859,184.658,466.664,µm,Spot,Position,1,,414
680.691,207.199,469.545,µm,Spot,Position,1,,415
662.978,172.783,470.2,µm,Spot,Position,1,,416
251.904,248.479,465.671,µm,Spot,Position,1,,417
258.034,237.377,461.044,µm,Spot,Position,1,,418
748.941,746.894,463.254,µm,Spot,Position,1,,419
749.587,737.712,471.264,µm,Spot,Position,1,,420
321.791,816.189,471.327,µm,Spot,Position,1,,421
728.122,810.99,416.556,µm,Spot,Position,1,,422
737.597,790.416,424.551,µm,Spot,Position,1,,423
733.423,803.702,426.562,µm,Spot,Position,1,,424
727.266,816.967,428.476,µm,Spot,Position,1,,425
741.415,783.985,433.459,µm,Spot,Position,1,,426
738.888,797.01,435.959,µm,Spot,Position,1,,427
731.771,810.345,438.853,µm,Spot,Position,1,,428
748.9,764.384,441.988,µm,Spot,Position,1,,429
745.895,777.001,443.578,µm,Spot,Position,1,,430
742.064,789.505,446.006,µm,Spot,Position,1,,431
736.348,802.539,448.302,µm,Spot,Position,1,,432
728.638,814.933,451.155,µm,Spot,Position,1,,433
747.994,767.277,451.834,µm,Spot,Position,1,,434
745.193,780.694,455.166,µm,Spot,Position,1,,435
748.525,756.515,456.608,µm,Spot,Position,1,,436
739.393,793.776,457.984,µm,Spot,Position,1,,437
732.473,806.821,460.532,µm,Spot,Position,1,,438
746.553,771.11,463.095,µm,Spot,Position,1,,439
723.736,819.089,463.285,µm,Spot,Position,1,,440
742.149,784.647,466.791,µm,Spot,Position,1,,441
735.093,797.566,469.427,µm,Spot,Position,1,,443
748.02,761.114,470.22,µm,Spot,Position,1,,444
726.989,810.02,472.27,µm,Spot,Position,1,,445
374.271,857.113,410.344,µm,Spot,Position,1,,446
363.545,850.36,416.916,µm,Spot,Position,1,,447
371.701,860.024,423.824,µm,Spot,Position,1,,448
361.383,851.896,428.967,µm,Spot,Position,1,,449
351.122,843.389,432.312,µm,Spot,Position,1,,452
370.16,862.137,436.339,µm,Spot,Position,1,,453
341.834,835.154,438.229,µm,Spot,Position,1,,454
359.088,854.546,442.165,µm,Spot,Position,1,,455
349.442,845.533,446.104,µm,Spot,Position,1,,456
339.712,835.421,450.217,µm,Spot,Position,1,,457
369.591,863.368,449.385,µm,Spot,Position,1,,458
330.565,824.997,454.201,µm,Spot,Position,1,,459
359.084,855.386,454.8,µm,Spot,Position,1,,460
349.055,846.197,459.625,µm,Spot,Position,1,,461
370.43,863.637,462.116,µm,Spot,Position,1,,462
338.42,836.867,463.517,µm,Spot,Position,1,,463
330.411,825.848,467.188,µm,Spot,Position,1,,464
359.785,855.247,467.702,µm,Spot,Position,1,,465
350.065,845.876,472.287,µm,Spot,Position,1,,466
414.061,883.654,407.754,µm,Spot,Position,1,,467
392.4,872.659,410.409,µm,Spot,Position,1,,468
403.269,880.127,415.552,µm,Spot,Position,1,,469
382.49,866.66,417.476,µm,Spot,Position,1,,470
391.356,875.551,423.131,µm,Spot,Position,1,,471
403.107,882.887,428.779,µm,Spot,Position,1,,472
380.381,869.746,430.26,µm,Spot,Position,1,,473
391.25,877.562,436.535,µm,Spot,Position,1,,474
404.224,884.049,442.037,µm,Spot,Position,1,,475
380.865,870.188,442.892,µm,Spot,Position,1,,476
392.97,878.432,449.59,µm,Spot,Position,1,,477
406.25,884.31,454.952,µm,Spot,Position,1,,478
381.964,870.91,455.944,µm,Spot,Position,1,,479
395.299,877.964,462.442,µm,Spot,Position,1,,480
408.566,883.505,468.54,µm,Spot,Position,1,,481
383.702,870.659,468.764,µm,Spot,Position,1,,482
699.655,850.863,410.272,µm,Spot,Position,1,,483
690.389,861.526,411.145,µm,Spot,Position,1,,484
679.077,871.206,412.024,µm,Spot,Position,1,,485
667.31,880.165,412.493,µm,Spot,Position,1,,486
695.788,857.207,422.496,µm,Spot,Position,1,,487
684.371,866.961,423.424,µm,Spot,Position,1,,488
672.965,875.603,423.838,µm,Spot,Position,1,,489
660.386,884.315,424.516,µm,Spot,Position,1,,490
700.702,851.679,433.256,µm,Spot,Position,1,,491
689.549,861.493,434.759,µm,Spot,Position,1,,492
678.101,871.328,435.509,µm,Spot,Position,1,,493
665.325,879.333,435.94,µm,Spot,Position,1,,494
694.53,856.078,445.728,µm,Spot,Position,1,,495
683.529,865.43,446.836,µm,Spot,Position,1,,496
670.616,874.46,447.635,µm,Spot,Position,1,,497
657.443,882.205,447.562,µm,Spot,Position,1,,498
699.503,849.419,456.481,µm,Spot,Position,1,,499
688.155,859.318,457.56,µm,Spot,Position,1,,500
675.264,868.228,458.585,µm,Spot,Position,1,,501
662.28,877.485,458.726,µm,Spot,Position,1,,502
648.335,883.919,459.099,µm,Spot,Position,1,,503
703.51,841.828,467.074,µm,Spot,Position,1,,504
691.505,851.671,468.154,µm,Spot,Position,1,,505
679.375,861.04,469.095,µm,Spot,Position,1,,506
666.777,869.707,469.792,µm,Spot,Position,1,,507
653.391,877.589,470.229,µm,Spot,Position,1,,508
708.519,839.514,408.52,µm,Spot,Position,1,,509
722.541,822.757,417.637,µm,Spot,Position,1,,510
713.784,834.784,419.822,µm,Spot,Position,1,,511
705.961,846.215,420.858,µm,Spot,Position,1,,512
719.5,829.11,430.581,µm,Spot,Position,1,,513
710.655,840.476,431.995,µm,Spot,Position,1,,514
723.944,822.458,440.753,µm,Spot,Position,1,,515
715.716,834.602,442.677,µm,Spot,Position,1,,516
705.98,845.601,444.617,µm,Spot,Position,1,,517
719.522,826.448,452.997,µm,Spot,Position,1,,518
710.285,838.495,454.866,µm,Spot,Position,1,,519
714.282,830.475,465.115,µm,Spot,Position,1,,520
424.755,891.068,413.106,µm,Spot,Position,1,,521
437.127,898.18,418.248,µm,Spot,Position,1,,522
414.134,887.536,421.172,µm,Spot,Position,1,,523
426.149,894.154,426.268,µm,Spot,Position,1,,524
439.531,899.21,431.66,µm,Spot,Position,1,,525
415.352,889.586,434.601,µm,Spot,Position,1,,526
428.326,895.379,439.452,µm,Spot,Position,1,,527
442.211,900.35,444.518,µm,Spot,Position,1,,528
417.196,890.343,447.641,µm,Spot,Position,1,,529
430.849,896.012,453.013,µm,Spot,Position,1,,530
419.83,890.506,460.798,µm,Spot,Position,1,,531
434.415,894.585,466.006,µm,Spot,Position,1,,532
486.188,911.469,409.38,µm,Spot,Position,1,,533
448.253,900.248,409.932,µm,Spot,Position,1,,534
500.245,914.97,413.326,µm,Spot,Position,1,,535
461.097,905.78,414.255,µm,Spot,Position,1,,536
475.377,909.83,418.418,µm,Spot,Position,1,,537
489.989,913.174,422.701,µm,Spot,Position,1,,538
450.701,902.912,423.188,µm,Spot,Position,1,,539
504.571,915.507,426.47,µm,Spot,Position,1,,540
464.183,907.497,427.775,µm,Spot,Position,1,,541
478.785,911.407,431.892,µm,Spot,Position,1,,542
453.165,904.422,436.264,µm,Spot,Position,1,,543
494.053,914.169,436.102,µm,Spot,Position,1,,544
509.165,916.106,440.116,µm,Spot,Position,1,,545
467.358,908.035,441.216,µm,Spot,Position,1,,546
482.549,911.129,445.641,µm,Spot,Position,1,,547
456.547,904.393,449.818,µm,Spot,Position,1,,548
498.443,913.234,450.233,µm,Spot,Position,1,,549
471.485,907.502,454.665,µm,Spot,Position,1,,550
445.719,899.572,458.285,µm,Spot,Position,1,,551
487.159,909.833,459.352,µm,Spot,Position,1,,552
460.52,902.804,463.036,µm,Spot,Position,1,,553
502.859,912.278,463.741,µm,Spot,Position,1,,554
476.086,906.851,468.224,µm,Spot,Position,1,,555
449.35,899.081,471.772,µm,Spot,Position,1,,556
491.911,908.335,472.393,µm,Spot,Position,1,,557
540.315,918.309,410.318,µm,Spot,Position,1,,558
556.356,917.922,414.033,µm,Spot,Position,1,,559
571.768,916.071,416.78,µm,Spot,Position,1,,560
515.199,917.458,417.271,µm,Spot,Position,1,,561
530.353,918.341,420.316,µm,Spot,Position,1,,562
545.818,918.336,423.991,µm,Spot,Position,1,,563
561.665,917.743,427.156,µm,Spot,Position,1,,564
519.839,917.275,430.858,µm,Spot,Position,1,,566
535.921,918.244,434.333,µm,Spot,Position,1,,567
551.211,917.37,437.448,µm,Spot,Position,1,,568
567.593,914.977,439.999,µm,Spot,Position,1,,569
524.823,916.308,443.936,µm,Spot,Position,1,,570
540.6,916.516,447.565,µm,Spot,Position,1,,571
557.264,914.387,450.606,µm,Spot,Position,1,,572
573.466,911.237,452.855,µm,Spot,Position,1,,573
530.157,914.91,457.859,µm,Spot,Position,1,,574
546.595,913.785,460.616,µm,Spot,Position,1,,575
518.842,911.865,467.081,µm,Spot,Position,1,,577
535.519,911.682,470.724,µm,Spot,Position,1,,578
597.128,912.168,408.169,µm,Spot,Position,1,,579
611.843,906.674,410.34,µm,Spot,Position,1,,580
626.592,902.464,411.574,µm,Spot,Position,1,,581
587.576,913.419,418.967,µm,Spot,Position,1,,582
603.012,909.322,420.764,µm,Spot,Position,1,,583
617.989,904.883,422.734,µm,Spot,Position,1,,584
632.554,899.259,423.749,µm,Spot,Position,1,,585
577.154,914.539,429.86,µm,Spot,Position,1,,586
593.521,911.407,432.247,µm,Spot,Position,1,,587
608.664,906.846,434.009,µm,Spot,Position,1,,588
623.601,901.197,435.174,µm,Spot,Position,1,,589
638.085,894.516,435.868,µm,Spot,Position,1,,590
583.756,912.02,442.474,µm,Spot,Position,1,,591
599.251,907.763,444.526,µm,Spot,Position,1,,592
614.496,902.962,446.171,µm,Spot,Position,1,,593
629.695,896.975,446.989,µm,Spot,Position,1,,594
589.234,908.545,455.47,µm,Spot,Position,1,,595
604.371,903.372,457.096,µm,Spot,Position,1,,596
619.901,898.124,458.511,µm,Spot,Position,1,,597
634.222,891.484,458.524,µm,Spot,Position,1,,598
578.768,907.233,465.875,µm,Spot,Position,1,,599
594.599,903.445,467.914,µm,Spot,Position,1,,600
609.807,897.538,468.958,µm,Spot,Position,1,,601
639.405,885.23,470.025,µm,Spot,Position,1,,602
624.814,892.075,470.052,µm,Spot,Position,1,,603
654.422,888.395,412.536,µm,Spot,Position,1,,604
641.36,895.749,412.207,µm,Spot,Position,1,,605
646.938,892.465,424.243,µm,Spot,Position,1,,606
652.392,888.036,436.51,µm,Spot,Position,1,,607
643.325,890.074,447.586,µm,Spot,Position,1,,608
436.474,106.059,480.892,µm,Spot,Position,1,,609
462.919,98.9625,474.36,µm,Spot,Position,1,,610
495.664,99.5925,479.379,µm,Spot,Position,1,,612
453.229,103.997,484.108,µm,Spot,Position,1,,613
485.724,103.225,489.305,µm,Spot,Position,1,,615
501.725,103.849,491.862,µm,Spot,Position,1,,616
511.707,101.011,481.397,µm,Spot,Position,1,,617
527.596,102.885,482.401,µm,Spot,Position,1,,618
543.142,106.278,483.179,µm,Spot,Position,1,,619
517.82,106.078,493.11,µm,Spot,Position,1,,620
343.346,146.152,474.228,µm,Spot,Position,1,,621
320.547,162.864,475.362,µm,Spot,Position,1,,622
357.055,139.132,479.541,µm,Spot,Position,1,,623
333.918,155.112,481.328,µm,Spot,Position,1,,624
371.138,132.714,485.083,µm,Spot,Position,1,,625
346.985,147.286,487.557,µm,Spot,Position,1,,626
324.094,164.36,488.309,µm,Spot,Position,1,,627
361.024,140.548,493.373,µm,Spot,Position,1,,628
337.336,156.53,494.752,µm,Spot,Position,1,,629
375.808,134.801,498.312,µm,Spot,Position,1,,630
351.717,149.196,500.532,µm,Spot,Position,1,,631
327.474,165.846,501.795,µm,Spot,Position,1,,632
365.58,142.666,506.062,µm,Spot,Position,1,,633
341.837,158.372,507.868,µm,Spot,Position,1,,634
356.143,151.821,513.407,µm,Spot,Position,1,,635
332.362,168.773,514.359,µm,Spot,Position,1,,636
371.337,146.288,518.712,µm,Spot,Position,1,,637
346.494,161.647,520.429,µm,Spot,Position,1,,638
361.821,155.869,525.798,µm,Spot,Position,1,,639
376.544,150.704,531.533,µm,Spot,Position,1,,640
352.039,165.763,533.057,µm,Spot,Position,1,,641
405.098,112.994,472.711,µm,Spot,Position,1,,642
421.455,109.676,476.582,µm,Spot,Position,1,,643
380.872,124.958,476.968,µm,Spot,Position,1,,644
395.139,119.657,481.719,µm,Spot,Position,1,,645
411.227,115.508,485.568,µm,Spot,Position,1,,646
426.652,111.936,490.438,µm,Spot,Position,1,,647
385.692,126.938,490.177,µm,Spot,Position,1,,648
442.676,108.903,493.904,µm,Spot,Position,1,,649
400.656,122.234,495.259,µm,Spot,Position,1,,650
416.613,118.263,499.347,µm,Spot,Position,1,,651
432.854,115.918,503.224,µm,Spot,Position,1,,652
390.759,129.388,503.234,µm,Spot,Position,1,,653
406.364,125.314,507.448,µm,Spot,Position,1,,654
423.133,122.666,511.638,µm,Spot,Position,1,,655
381.046,137.725,511.151,µm,Spot,Position,1,,656
438.679,120.155,515.419,µm,Spot,Position,1,,657
396.77,133.799,515.366,µm,Spot,Position,1,,658
412.937,130.292,519.817,µm,Spot,Position,1,,659
387.258,141.781,523.635,µm,Spot,Position,1,,660
428.978,127.081,524.352,µm,Spot,Position,1,,661
403.215,138.012,528.085,µm,Spot,Position,1,,662
419.239,135.266,532.271,µm,Spot,Position,1,,663
435.386,132.982,535.879,µm,Spot,Position,1,,664
392.803,146.675,535.746,µm,Spot,Position,1,,665
459.081,108.207,496.868,µm,Spot,Position,1,,666
491.947,108.231,501.882,µm,Spot,Position,1,,668
507.785,110.047,503.203,µm,Spot,Position,1,,669
449.117,114.08,506.359,µm,Spot,Position,1,,670
482.007,113.021,511.585,µm,Spot,Position,1,,672
498.283,113.942,513.61,µm,Spot,Position,1,,673
455.727,119.217,518.046,µm,Spot,Position,1,,674
488.169,119.909,522.905,µm,Spot,Position,1,,676
504.324,121.262,524.373,µm,Spot,Position,1,,677
445.559,126.176,526.749,µm,Spot,Position,1,,678
478.466,124.605,531.994,µm,Spot,Position,1,,680
494.575,125.982,533.815,µm,Spot,Position,1,,681
558.133,111.111,483.34,µm,Spot,Position,1,,682
573.506,115.577,483.176,µm,Spot,Position,1,,683
533.622,108.979,493.976,µm,Spot,Position,1,,684
549.062,113.126,494.28,µm,Spot,Position,1,,685
564.298,117.257,494.168,µm,Spot,Position,1,,686
569.983,124.64,504.049,µm,Spot,Position,1,,687
523.827,111.951,504.421,µm,Spot,Position,1,,688
539.552,115.664,504.792,µm,Spot,Position,1,,689
554.948,119.354,504.807,µm,Spot,Position,1,,690
513.894,116.314,514.508,µm,Spot,Position,1,,691
544.951,123.66,514.511,µm,Spot,Position,1,,692
560.417,127.787,514.54,µm,Spot,Position,1,,693
529.705,119.535,515.216,µm,Spot,Position,1,,694
519.955,123.911,525.006,µm,Spot,Position,1,,695
551.099,131.227,524.728,µm,Spot,Position,1,,696
566.438,135.804,524.412,µm,Spot,Position,1,,697
535.66,126.923,525.527,µm,Spot,Position,1,,698
571.487,145.001,532.53,µm,Spot,Position,1,,699
541.779,135.414,534.565,µm,Spot,Position,1,,700
557.123,139.457,534.37,µm,Spot,Position,1,,701
510.343,128.283,534.743,µm,Spot,Position,1,,702
526.181,131.436,535.085,µm,Spot,Position,1,,703
628.682,143.013,477.966,µm,Spot,Position,1,,704
615.639,135.088,479.893,µm,Spot,Position,1,,705
601.956,127.967,481.175,µm,Spot,Position,1,,706
588.036,121.638,482.442,µm,Spot,Position,1,,707
633.005,151.875,487.008,µm,Spot,Position,1,,708
620.42,143.096,489.141,µm,Spot,Position,1,,709
607.316,135.521,491.321,µm,Spot,Position,1,,710
593.283,128.721,492.454,µm,Spot,Position,1,,711
578.764,122.808,493.137,µm,Spot,Position,1,,712
637.703,160.616,495.543,µm,Spot,Position,1,,713
625.735,151.679,498.179,µm,Spot,Position,1,,714
611.812,144.375,499.852,µm,Spot,Position,1,,715
598.34,136.85,501.625,µm,Spot,Position,1,,716
584.537,130.316,503.412,µm,Spot,Position,1,,717
629.65,160.935,506.311,µm,Spot,Position,1,,718
617.17,152.794,508.335,µm,Spot,Position,1,,719
603.404,145.78,510.689,µm,Spot,Position,1,,720
589.438,139.076,512.444,µm,Spot,Position,1,,721
575.105,132.621,513.963,µm,Spot,Position,1,,722
634.776,170.514,514.383,µm,Spot,Position,1,,723
621.72,162.273,516.718,µm,Spot,Position,1,,724
608.24,154.869,518.86,µm,Spot,Position,1,,725
594.594,147.806,520.611,µm,Spot,Position,1,,726
580.393,141.696,522.682,µm,Spot,Position,1,,727
613.114,164.605,526.691,µm,Spot,Position,1,,728
599.476,157.096,529.081,µm,Spot,Position,1,,729
585.627,150.842,530.983,µm,Spot,Position,1,,730
604.959,166.957,537.258,µm,Spot,Position,1,,731
651.865,162.429,473.206,µm,Spot,Position,1,,732
640.583,152.255,475.924,µm,Spot,Position,1,,733
656.997,171.005,481.443,µm,Spot,Position,1,,734
645.089,161.126,484.167,µm,Spot,Position,1,,735
649.54,170.494,492.361,µm,Spot,Position,1,,736
641.911,170.042,503.529,µm,Spot,Position,1,,737
279.927,201.688,473.984,µm,Spot,Position,1,,738
299.701,181.491,475.06,µm,Spot,Position,1,,739
272.467,213.405,478.795,µm,Spot,Position,1,,740
290.766,192.023,481.594,µm,Spot,Position,1,,741
310.461,171.968,482.365,µm,Spot,Position,1,,742
263.855,224.939,483.426,µm,Spot,Position,1,,743
282.079,202.828,486.871,µm,Spot,Position,1,,744
302.005,182.657,488.658,µm,Spot,Position,1,,745
274.207,214.183,492.321,µm,Spot,Position,1,,746
292.872,193.143,494.603,µm,Spot,Position,1,,747
314.51,174.123,495.248,µm,Spot,Position,1,,748
266.395,226.619,497.064,µm,Spot,Position,1,,749
284.701,204.807,500.183,µm,Spot,Position,1,,750
305.789,184.643,501.451,µm,Spot,Position,1,,751
276.81,216.535,505.607,µm,Spot,Position,1,,752
296.715,195.848,507.521,µm,Spot,Position,1,,753
269.65,228.902,509.747,µm,Spot,Position,1,,754
288.517,207.091,513.219,µm,Spot,Position,1,,755
309.474,186.862,514.415,µm,Spot,Position,1,,756
281.004,219.254,518.121,µm,Spot,Position,1,,757
300.69,198.525,520.329,µm,Spot,Position,1,,758
273.274,232.331,522.704,µm,Spot,Position,1,,759
292.466,210.105,526.009,µm,Spot,Position,1,,760
313.988,190.082,527.409,µm,Spot,Position,1,,761
285.173,222.783,530.757,µm,Spot,Position,1,,762
305.378,202.251,532.825,µm,Spot,Position,1,,763
277.449,236.048,535.186,µm,Spot,Position,1,,764
319.086,176.713,508.009,µm,Spot,Position,1,,765
323.199,179.062,520.781,µm,Spot,Position,1,,766
337.304,172.263,527.167,µm,Spot,Position,1,,767
328.484,183.435,533.096,µm,Spot,Position,1,,768
638.726,180.597,521.619,µm,Spot,Position,1,,769
626.352,172.033,524.476,µm,Spot,Position,1,,770
630.501,182.488,532.117,µm,Spot,Position,1,,771
618.047,174.253,534.456,µm,Spot,Position,1,,772
674.635,193.857,474.356,µm,Spot,Position,1,,773
682.726,218.31,473.938,µm,Spot,Position,1,,774
666.882,182.329,477.71,µm,Spot,Position,1,,775
678.094,203.722,481.057,µm,Spot,Position,1,,776
683.996,227.266,481.112,µm,Spot,Position,1,,777
670.429,191.82,485.605,µm,Spot,Position,1,,778
679.366,214.471,486.63,µm,Spot,Position,1,,779
660.731,180.507,489.078,µm,Spot,Position,1,,780
673.267,201.908,492.361,µm,Spot,Position,1,,781
681.25,225.386,492.756,µm,Spot,Position,1,,782
664.105,190.424,496.537,µm,Spot,Position,1,,783
675.88,212.299,498.649,µm,Spot,Position,1,,784
681.795,235.569,499.051,µm,Spot,Position,1,,785
653.81,179.579,500.395,µm,Spot,Position,1,,786
667.376,200.74,503.465,µm,Spot,Position,1,,787
677.796,223.392,504.289,µm,Spot,Position,1,,788
657.449,189.808,507.511,µm,Spot,Position,1,,789
670.497,211.122,509.276,µm,Spot,Position,1,,790
677.44,235.418,509.748,µm,Spot,Position,1,,791
646.298,179.521,511.122,µm,Spot,Position,1,,792
661.148,199.857,514.552,µm,Spot,Position,1,,793
672.844,221.729,515.348,µm,Spot,Position,1,,794
650.172,189.875,518.059,µm,Spot,Position,1,,795
672.686,233.123,519.657,µm,Spot,Position,1,,796
664.079,210.514,520.623,µm,Spot,Position,1,,797
654.105,200.513,525.049,µm,Spot,Position,1,,798
666.266,221.773,526.111,µm,Spot,Position,1,,799
642.977,190.38,528.644,µm,Spot,Position,1,,800
657.412,211.174,531.374,µm,Spot,Position,1,,801
667.318,233.349,530.969,µm,Spot,Position,1,,802
646.639,201.828,534.938,µm,Spot,Position,1,,803
660.135,222.422,536.936,µm,Spot,Position,1,,804
248.538,262.141,495.047,µm,Spot,Position,1,,805
249.675,266.053,508.326,µm,Spot,Position,1,,806
257.038,236.928,474.4,µm,Spot,Position,1,,807
251.318,251.041,478.377,µm,Spot,Position,1,,808
257.535,237.605,488.089,µm,Spot,Position,1,,809
252.538,250.252,490.971,µm,Spot,Position,1,,810
259.76,239.267,501.245,µm,Spot,Position,1,,811
254.259,252.632,504.863,µm,Spot,Position,1,,812
263.023,241.625,514.661,µm,Spot,Position,1,,813
257.378,255.159,518.305,µm,Spot,Position,1,,814
253.289,269.517,520.805,µm,Spot,Position,1,,815
266.722,245.345,526.667,µm,Spot,Position,1,,816
261.521,259.496,530.056,µm,Spot,Position,1,,817
256.701,273.791,532.744,µm,Spot,Position,1,,818
748.74,751.127,476.403,µm,Spot,Position,1,,819
748.331,740.271,482.732,µm,Spot,Position,1,,820
746.348,729.475,487.949,µm,Spot,Position,1,,821
745.939,754.262,488.448,µm,Spot,Position,1,,822
745.058,743.875,494.274,µm,Spot,Position,1,,823
744.474,732.306,499.359,µm,Spot,Position,1,,824
742.439,721.854,504.181,µm,Spot,Position,1,,825
742.21,746.342,505.416,µm,Spot,Position,1,,826
740.714,734.981,510.468,µm,Spot,Position,1,,827
737.704,723.067,514.844,µm,Spot,Position,1,,828
736.581,748.762,515.839,µm,Spot,Position,1,,829
736.251,737.104,521.365,µm,Spot,Position,1,,830
734.005,725.858,525.388,µm,Spot,Position,1,,831
730.512,749.86,526.329,µm,Spot,Position,1,,832
730.396,738.415,531.59,µm,Spot,Position,1,,833
728.397,727.14,535.877,µm,Spot,Position,1,,834
723.255,750.529,536.647,µm,Spot,Position,1,,835
322.346,814.643,483.791,µm,Spot,Position,1,,836
323.833,814.46,497.292,µm,Spot,Position,1,,837
317.508,804.226,500.663,µm,Spot,Position,1,,838
325.902,811.222,510.68,µm,Spot,Position,1,,839
319.73,798.842,513.696,µm,Spot,Position,1,,840
336.867,818.566,519.636,µm,Spot,Position,1,,841
328.599,806.589,523.089,µm,Spot,Position,1,,842
322.038,793.976,525.713,µm,Spot,Position,1,,843
340.365,813.694,531.519,µm,Spot,Position,1,,844
332.436,801.5,534.726,µm,Spot,Position,1,,845
696.853,816.364,515.913,µm,Spot,Position,1,,846
699.463,806.496,524.175,µm,Spot,Position,1,,847
688.827,816.727,526.749,µm,Spot,Position,1,,848
701.855,795.689,531.89,µm,Spot,Position,1,,849
691.012,806.058,534.608,µm,Spot,Position,1,,850
679.325,816.179,537.027,µm,Spot,Position,1,,851
744.243,774.855,474.774,µm,Spot,Position,1,,852
737.909,788.525,478.572,µm,Spot,Position,1,,853
729.765,800.931,481.337,µm,Spot,Position,1,,854
745.376,764.793,482.035,µm,Spot,Position,1,,855
720.38,812.921,483.574,µm,Spot,Position,1,,856
739.497,778.122,486.048,µm,Spot,Position,1,,857
731.793,790.872,489.396,µm,Spot,Position,1,,858
741.149,767.65,493.054,µm,Spot,Position,1,,859
723.036,803.13,492.278,µm,Spot,Position,1,,860
713.617,815.093,495.104,µm,Spot,Position,1,,861
733.372,780.878,496.52,µm,Spot,Position,1,,862
742.24,757.377,499.536,µm,Spot,Position,1,,863
725.506,793.248,500.044,µm,Spot,Position,1,,864
715.807,804.919,503.274,µm,Spot,Position,1,,865
735.251,770.35,503.762,µm,Spot,Position,1,,866
705.071,816.007,505.64,µm,Spot,Position,1,,867
727.602,782.747,507.346,µm,Spot,Position,1,,868
736.714,759.504,510.195,µm,Spot,Position,1,,869
718.155,794.618,510.706,µm,Spot,Position,1,,870
707.957,805.882,513.744,µm,Spot,Position,1,,871
728.931,772.307,514.677,µm,Spot,Position,1,,872
720.746,783.949,518.439,µm,Spot,Position,1,,873
730.56,761.082,520.642,µm,Spot,Position,1,,874
710.693,795.7,521.724,µm,Spot,Position,1,,875
721.535,772.914,524.517,µm,Spot,Position,1,,876
712.519,785.078,528.589,µm,Spot,Position,1,,877
722.474,761.739,530.893,µm,Spot,Position,1,,878
714.22,773.593,535.424,µm,Spot,Position,1,,879
372.392,862.88,474.961,µm,Spot,Position,1,,880
339.931,836.431,477.009,µm,Spot,Position,1,,881
361.99,853.929,480.326,µm,Spot,Position,1,,882
330.075,826.391,480.965,µm,Spot,Position,1,,883
351.51,844.751,485.403,µm,Spot,Position,1,,884
374.883,861.441,488.204,µm,Spot,Position,1,,885
341.603,835.316,489.772,µm,Spot,Position,1,,886
363.985,852.091,493.338,µm,Spot,Position,1,,887
331.888,825.152,494.243,µm,Spot,Position,1,,888
353.9,842.71,498.386,µm,Spot,Position,1,,889
378.266,858.205,500.893,µm,Spot,Position,1,,890
343.658,832.976,502.919,µm,Spot,Position,1,,891
367.521,848.738,505.653,µm,Spot,Position,1,,892
334.46,822.355,506.74,µm,Spot,Position,1,,893
356.93,839.235,510.947,µm,Spot,Position,1,,894
346.286,829.321,515.424,µm,Spot,Position,1,,895
370.76,845.501,518.63,µm,Spot,Position,1,,896
360.023,835.933,523.655,µm,Spot,Position,1,,897
349.61,825.292,527.862,µm,Spot,Position,1,,898
373.658,841.426,531.65,µm,Spot,Position,1,,899
363.89,830.777,535.768,µm,Spot,Position,1,,900
397.191,876.874,475.485,µm,Spot,Position,1,,901
411.641,882.047,481.68,µm,Spot,Position,1,,902
385.705,869.384,482.256,µm,Spot,Position,1,,903
400.414,875.083,488.335,µm,Spot,Position,1,,904
389.282,866.729,494.747,µm,Spot,Position,1,,905
415.526,879.29,494.394,µm,Spot,Position,1,,906
430.792,883.262,500.559,µm,Spot,Position,1,,907
403.716,871.972,501.475,µm,Spot,Position,1,,908
392.445,864.708,508.111,µm,Spot,Position,1,,909
419.317,875.797,507.255,µm,Spot,Position,1,,910
435.006,879.8,513.045,µm,Spot,Position,1,,911
381.35,855.221,513.852,µm,Spot,Position,1,,912
408.012,867.762,513.803,µm,Spot,Position,1,,913
423.436,871.923,519.669,µm,Spot,Position,1,,914
396.22,860.378,520.741,µm,Spot,Position,1,,915
439.402,874.225,524.906,µm,Spot,Position,1,,917
385.287,850.899,525.838,µm,Spot,Position,1,,918
411.677,864.35,526.717,µm,Spot,Position,1,,919
427.702,867.441,532.588,µm,Spot,Position,1,,920
400.423,855.454,532.894,µm,Spot,Position,1,,921
443.817,869.593,537.63,µm,Spot,Position,1,,922
451.089,881.273,517.801,µm,Spot,Position,1,,923
466.994,883.884,522.932,µm,Spot,Position,1,,924
484.13,883.97,527.208,µm,Spot,Position,1,,925
455.917,877.063,530.343,µm,Spot,Position,1,,926
500.669,884.042,530.94,µm,Spot,Position,1,,927
472.733,877.573,535.075,µm,Spot,Position,1,,928
562.402,881.754,530.367,µm,Spot,Position,1,,930
517.764,883.141,534.357,µm,Spot,Position,1,,931
535,880.221,536.902,µm,Spot,Position,1,,932
634.727,878.795,492.791,µm,Spot,Position,1,,933
625.526,878.73,503.382,µm,Spot,Position,1,,934
610.09,884.324,502.5,µm,Spot,Position,1,,935
639.46,871.153,503.26,µm,Spot,Position,1,,936
599.722,882.382,512.759,µm,Spot,Position,1,,937
629.556,870.762,514.002,µm,Spot,Position,1,,938
614.934,876.909,513.678,µm,Spot,Position,1,,939
633.654,861.664,523.715,µm,Spot,Position,1,,940
588.73,880.13,522.437,µm,Spot,Position,1,,941
619.167,868.112,523.605,µm,Spot,Position,1,,942
604.506,874.631,523.678,µm,Spot,Position,1,,943
578.413,877.593,532.504,µm,Spot,Position,1,,944
637.983,852.53,533.719,µm,Spot,Position,1,,945
609.053,866.082,533.53,µm,Spot,Position,1,,946
593.685,871.874,533.067,µm,Spot,Position,1,,947
624.036,859.618,534.042,µm,Spot,Position,1,,948
695.513,843.271,478.278,µm,Spot,Position,1,,949
683.777,853.545,479.794,µm,Spot,Position,1,,950
671.275,862.871,480.766,µm,Spot,Position,1,,951
658.466,871.407,481.943,µm,Spot,Position,1,,952
644.211,878.555,482,µm,Spot,Position,1,,953
699.472,835.172,488.299,µm,Spot,Position,1,,954
687.479,845.454,489.693,µm,Spot,Position,1,,955
675.538,854.65,490.957,µm,Spot,Position,1,,956
662.468,863.654,492.374,µm,Spot,Position,1,,957
648.664,870.698,492.492,µm,Spot,Position,1,,958
702.879,825.85,497.179,µm,Spot,Position,1,,959
691.424,836.651,499.377,µm,Spot,Position,1,,960
678.821,845.798,500.446,µm,Spot,Position,1,,961
666.533,855.154,502.245,µm,Spot,Position,1,,962
652.883,863.176,502.742,µm,Spot,Position,1,,963
693.942,826.385,507.607,µm,Spot,Position,1,,964
682.451,837.171,509.784,µm,Spot,Position,1,,965
669.911,846.374,511.648,µm,Spot,Position,1,,966
657.047,854.613,512.716,µm,Spot,Position,1,,967
643.625,862.944,513.224,µm,Spot,Position,1,,968
685.444,827.079,518.517,µm,Spot,Position,1,,969
673.63,836.99,520.698,µm,Spot,Position,1,,970
660.632,845.396,521.437,µm,Spot,Position,1,,971
647.152,853.594,523.127,µm,Spot,Position,1,,972
676.474,826.698,528.858,µm,Spot,Position,1,,973
664.258,835.8,530.424,µm,Spot,Position,1,,974
651.049,844.276,532.149,µm,Spot,Position,1,,975
717.108,822.108,474.369,µm,Spot,Position,1,,976
707.399,833.826,476.967,µm,Spot,Position,1,,977
710.162,824.281,486.229,µm,Spot,Position,1,,978
422.941,888.683,474.34,µm,Spot,Position,1,,979
438.426,892.405,479.457,µm,Spot,Position,1,,980
426.666,886.619,487.173,µm,Spot,Position,1,,981
442.518,889.832,492.716,µm,Spot,Position,1,,982
507.934,909.194,476.505,µm,Spot,Position,1,,983
464.711,902.03,477.011,µm,Spot,Position,1,,984
480.714,903.818,481.549,µm,Spot,Position,1,,985
453.513,896.285,484.997,µm,Spot,Position,1,,986
496.233,904.999,485.902,µm,Spot,Position,1,,987
469.081,898.956,490.015,µm,Spot,Position,1,,988
485.074,900.163,494.586,µm,Spot,Position,1,,989
457.926,892.748,498.186,µm,Spot,Position,1,,990
501.499,901.073,498.537,µm,Spot,Position,1,,991
474.121,894.59,502.461,µm,Spot,Position,1,,992
446.634,886.15,505.41,µm,Spot,Position,1,,993
490.21,895.989,507.006,µm,Spot,Position,1,,994
462.274,888.569,510.704,µm,Spot,Position,1,,995
506.994,895.435,510.866,µm,Spot,Position,1,,996
479.006,890.208,515.464,µm,Spot,Position,1,,997
495.492,890.752,519.51,µm,Spot,Position,1,,998
552.037,909.239,473.779,µm,Spot,Position,1,,999
524.251,908.769,480.168,µm,Spot,Position,1,,1001
541.172,907.456,483.817,µm,Spot,Position,1,,1002
573.542,901.046,488.265,µm,Spot,Position,1,,1004
513.26,905.935,489.982,µm,Spot,Position,1,,1005
529.707,904.077,493.148,µm,Spot,Position,1,,1006
546.385,902.025,495.843,µm,Spot,Position,1,,1007
518.442,900.46,502.047,µm,Spot,Position,1,,1009
535.195,898.287,505.145,µm,Spot,Position,1,,1010
568.385,892.58,510.207,µm,Spot,Position,1,,1012
523.762,894.696,514.64,µm,Spot,Position,1,,1013
540.875,892.064,517.071,µm,Spot,Position,1,,1015
573.218,885.368,521.36,µm,Spot,Position,1,,1017
512.574,889.823,522.569,µm,Spot,Position,1,,1018
529.707,887.606,526.016,µm,Spot,Position,1,,1019
583.96,902.298,478.189,µm,Spot,Position,1,,1020
599.69,897.242,479.629,µm,Spot,Position,1,,1021
615.226,891.91,480.555,µm,Spot,Position,1,,1022
630.273,885.662,481.477,µm,Spot,Position,1,,1023
589.252,897.121,490.214,µm,Spot,Position,1,,1024
604.937,890.864,491.463,µm,Spot,Position,1,,1025
620.458,885.916,492.319,µm,Spot,Position,1,,1026
579.082,895.184,500.273,µm,Spot,Position,1,,1027
594.765,889.804,501.826,µm,Spot,Position,1,,1028
584.043,888.536,511.782,µm,Spot,Position,1,,1029
367.367,160.667,538.178,µm,Spot,Position,1,,1030
357.715,170.544,545.08,µm,Spot,Position,1,,1031
373.177,165.385,550.637,µm,Spot,Position,1,,1032
380.011,171.492,561.491,µm,Spot,Position,1,,1033
409.227,142.83,539.925,µm,Spot,Position,1,,1034
383.08,156.274,543.035,µm,Spot,Position,1,,1035
425.88,140.599,544.297,µm,Spot,Position,1,,1036
442.31,139.298,547.227,µm,Spot,Position,1,,1037
399.441,152.44,547.461,µm,Spot,Position,1,,1038
415.749,149.259,552.018,µm,Spot,Position,1,,1039
432.11,146.974,555.217,µm,Spot,Position,1,,1040
389.242,161.087,555.247,µm,Spot,Position,1,,1041
405.774,157.978,559.202,µm,Spot,Position,1,,1042
422.038,155.937,562.805,µm,Spot,Position,1,,1043
439.075,154.032,565.766,µm,Spot,Position,1,,1044
396.086,167.721,566.284,µm,Spot,Position,1,,1045
412.531,164.566,570.196,µm,Spot,Position,1,,1046
429.164,163.295,573.61,µm,Spot,Position,1,,1047
436.048,171.374,583.715,µm,Spot,Position,1,,1048
452.16,132.084,538.478,µm,Spot,Position,1,,1049
484.984,132.263,542.793,µm,Spot,Position,1,,1051
500.626,134.379,543.982,µm,Spot,Position,1,,1052
475.221,139.333,551.342,µm,Spot,Position,1,,1054
491.355,140.996,552.649,µm,Spot,Position,1,,1055
507.093,142.344,553.982,µm,Spot,Position,1,,1056
448.875,146.512,557.467,µm,Spot,Position,1,,1057
482.017,147.203,561.611,µm,Spot,Position,1,,1059
497.547,148.903,562.898,µm,Spot,Position,1,,1060
472.127,153.657,570.875,µm,Spot,Position,1,,1062
488.319,155.269,572.008,µm,Spot,Position,1,,1063
504.627,157.901,572.027,µm,Spot,Position,1,,1064
445.836,162.541,575.773,µm,Spot,Position,1,,1065
479.154,162.654,580.718,µm,Spot,Position,1,,1067
495.214,164.742,581.153,µm,Spot,Position,1,,1068
469.823,171.234,587.751,µm,Spot,Position,1,,1070
562.615,148.739,542.997,µm,Spot,Position,1,,1071
547.785,144.379,544.201,µm,Spot,Position,1,,1072
516.885,136.702,544.523,µm,Spot,Position,1,,1073
532.459,140.117,544.79,µm,Spot,Position,1,,1074
568.246,158.476,551.181,µm,Spot,Position,1,,1075
553.795,152.949,552.731,µm,Spot,Position,1,,1076
538.694,149.256,553.554,µm,Spot,Position,1,,1077
523.069,145.419,553.85,µm,Spot,Position,1,,1078
573.648,168.571,559.116,µm,Spot,Position,1,,1079
559.503,162.676,561.152,µm,Spot,Position,1,,1080
544.71,158.477,562.462,µm,Spot,Position,1,,1081
513.667,151.349,563.198,µm,Spot,Position,1,,1082
529.405,154.505,563.398,µm,Spot,Position,1,,1083
550.33,168.631,570.487,µm,Spot,Position,1,,1084
520.147,160.256,572.274,µm,Spot,Position,1,,1085
535.611,164.081,571.915,µm,Spot,Position,1,,1086
511.102,167.375,581.629,µm,Spot,Position,1,,1087
526.75,170.241,581.113,µm,Spot,Position,1,,1088
590.688,160.525,539.279,µm,Spot,Position,1,,1089
576.797,154.369,541.159,µm,Spot,Position,1,,1090
595.865,170.667,547.003,µm,Spot,Position,1,,1091
582.516,163.836,549.685,µm,Spot,Position,1,,1092
297.398,214.611,537.761,µm,Spot,Position,1,,1093
289.78,227.367,542.484,µm,Spot,Position,1,,1094
311.009,206.751,544.766,µm,Spot,Position,1,,1095
302.889,219.048,550.127,µm,Spot,Position,1,,1096
295.67,232.538,554.364,µm,Spot,Position,1,,1097
308.633,224.367,561.372,µm,Spot,Position,1,,1098
315.099,231.554,571.911,µm,Spot,Position,1,,1099
342.595,176.661,539.246,µm,Spot,Position,1,,1100
319.34,194.551,539.31,µm,Spot,Position,1,,1101
334.166,187.788,545.33,µm,Spot,Position,1,,1102
324.686,199.726,551.471,µm,Spot,Position,1,,1103
347.813,181.534,551.621,µm,Spot,Position,1,,1104
363.783,176.152,556.771,µm,Spot,Position,1,,1105
339.694,192.963,557.446,µm,Spot,Position,1,,1106
316.047,211.858,556.678,µm,Spot,Position,1,,1107
331.177,205.266,562.345,µm,Spot,Position,1,,1108
354.55,186.851,562.922,µm,Spot,Position,1,,1109
322.826,218.047,567.56,µm,Spot,Position,1,,1110
369.95,182.143,568.427,µm,Spot,Position,1,,1111
345.702,199.135,568.436,µm,Spot,Position,1,,1112
337.45,211.537,573.311,µm,Spot,Position,1,,1113
361.092,193.616,574.023,µm,Spot,Position,1,,1114
329.401,224.75,578.062,µm,Spot,Position,1,,1115
376.932,189.177,579.544,µm,Spot,Position,1,,1116
352.279,205.919,579.118,µm,Spot,Position,1,,1117
368.483,201.771,583.454,µm,Spot,Position,1,,1118
344.358,219.227,583.412,µm,Spot,Position,1,,1119
336.969,232.535,587.711,µm,Spot,Position,1,,1120
359.667,214.36,588.697,µm,Spot,Position,1,,1121
351.743,227.534,592.674,µm,Spot,Position,1,,1122
375.133,209.604,593.719,µm,Spot,Position,1,,1123
367.278,222.795,597.771,µm,Spot,Position,1,,1124
359.484,236.225,601.442,µm,Spot,Position,1,,1125
386.36,177.794,573.044,µm,Spot,Position,1,,1126
402.62,174.495,577.358,µm,Spot,Position,1,,1127
419.378,172.391,580.328,µm,Spot,Position,1,,1128
393.156,185.718,583.381,µm,Spot,Position,1,,1129
409.684,182.669,587.411,µm,Spot,Position,1,,1130
384.313,197.662,588.388,µm,Spot,Position,1,,1131
427.026,181.699,589.874,µm,Spot,Position,1,,1132
443.419,180.48,592.657,µm,Spot,Position,1,,1133
400.546,194.342,592.71,µm,Spot,Position,1,,1134
417.254,191.902,596.159,µm,Spot,Position,1,,1135
433.528,190.465,599.192,µm,Spot,Position,1,,1136
390.886,205.907,598.204,µm,Spot,Position,1,,1137
407.746,203.157,602.552,µm,Spot,Position,1,,1138
485.94,172.583,589.296,µm,Spot,Position,1,,1139
501.552,174.558,589.693,µm,Spot,Position,1,,1140
476.257,180.832,596.612,µm,Spot,Position,1,,1144
492.406,182.715,597.382,µm,Spot,Position,1,,1145
508.234,185.422,597.54,µm,Spot,Position,1,,1146
565.232,173.427,569.066,µm,Spot,Position,1,,1149
570.337,184.594,576.096,µm,Spot,Position,1,,1150
556.39,179.226,578.241,µm,Spot,Position,1,,1151
541.617,174.382,579.842,µm,Spot,Position,1,,1152
561.867,190.158,585.868,µm,Spot,Position,1,,1153
532.522,181.013,588.845,µm,Spot,Position,1,,1154
547.688,185.162,587.946,µm,Spot,Position,1,,1155
517.509,177.614,589.474,µm,Spot,Position,1,,1156
567.59,201.477,592.135,µm,Spot,Position,1,,1157
553.417,196.676,594.373,µm,Spot,Position,1,,1158
523.656,188.461,596.984,µm,Spot,Position,1,,1160
538.844,191.512,596.194,µm,Spot,Position,1,,1161
573.282,213.048,598.56,µm,Spot,Position,1,,1162
559.224,208.31,600.913,µm,Spot,Position,1,,1163
634.855,192.62,538.995,µm,Spot,Position,1,,1164
622.532,184.639,542.279,µm,Spot,Position,1,,1165
609.454,177.324,545.027,µm,Spot,Position,1,,1166
639.053,203.525,545.666,µm,Spot,Position,1,,1167
626.949,195.491,548.949,µm,Spot,Position,1,,1168
614.44,187.967,552.367,µm,Spot,Position,1,,1169
601.243,181.054,555.292,µm,Spot,Position,1,,1170
631.38,206.451,555.634,µm,Spot,Position,1,,1171
587.674,174.39,557.258,µm,Spot,Position,1,,1172
619.099,198.98,558.871,µm,Spot,Position,1,,1173
634.912,218.274,561.492,µm,Spot,Position,1,,1174
606.098,191.872,561.948,µm,Spot,Position,1,,1175
592.825,185.328,564.28,µm,Spot,Position,1,,1176
623.185,210.448,565.061,µm,Spot,Position,1,,1177
578.665,179.505,566.346,µm,Spot,Position,1,,1178
638.888,230.06,567.097,µm,Spot,Position,1,,1179
610.704,202.962,568.806,µm,Spot,Position,1,,1180
597.678,196.161,571.611,µm,Spot,Position,1,,1181
627.381,221.81,571.168,µm,Spot,Position,1,,1182
584.138,190.253,574.275,µm,Spot,Position,1,,1183
614.703,214.863,574.6,µm,Spot,Position,1,,1184
630.512,233.832,576.306,µm,Spot,Position,1,,1185
601.878,207.998,577.484,µm,Spot,Position,1,,1186
589.31,201.719,580.699,µm,Spot,Position,1,,1187
619.544,226.288,580.598,µm,Spot,Position,1,,1188
575.793,195.821,583.347,µm,Spot,Position,1,,1189
607.173,219.575,584.273,µm,Spot,Position,1,,1190
594.335,213.256,587.384,µm,Spot,Position,1,,1191
611.686,231.634,590.208,µm,Spot,Position,1,,1192
581.327,206.942,590.056,µm,Spot,Position,1,,1193
599.422,225.123,593.23,µm,Spot,Position,1,,1194
586.222,219.121,596.037,µm,Spot,Position,1,,1195
591.47,231.271,601.695,µm,Spot,Position,1,,1196
649.942,212.804,541.181,µm,Spot,Position,1,,1197
662.099,234.644,541.625,µm,Spot,Position,1,,1198
653.171,224.193,547.06,µm,Spot,Position,1,,1199
655.276,236.142,551.737,µm,Spot,Position,1,,1200
642.995,214.892,551.948,µm,Spot,Position,1,,1201
646.065,226.3,557.474,µm,Spot,Position,1,,1202
271.986,249.125,538.817,µm,Spot,Position,1,,1203
266.532,263.864,541.839,µm,Spot,Position,1,,1204
262.822,278.033,543.858,µm,Spot,Position,1,,1205
283.291,240.698,546.892,µm,Spot,Position,1,,1206
277.599,254.479,550.231,µm,Spot,Position,1,,1207
272.777,268.635,552.918,µm,Spot,Position,1,,1208
269.127,283.122,554.456,µm,Spot,Position,1,,1209
289.527,246.29,557.877,µm,Spot,Position,1,,1210
283.594,260.357,561.486,µm,Spot,Position,1,,1211
279.305,274.171,563.554,µm,Spot,Position,1,,1212
302.095,238.407,565.031,µm,Spot,Position,1,,1213
276.233,288.328,565.108,µm,Spot,Position,1,,1214
296.069,252.669,568.473,µm,Spot,Position,1,,1215
290.678,266.949,571.304,µm,Spot,Position,1,,1216
287.032,280.824,573.461,µm,Spot,Position,1,,1217
284.047,294.257,574.662,µm,Spot,Position,1,,1218
308.478,245.245,575.526,µm,Spot,Position,1,,1219
303.088,259.553,578.242,µm,Spot,Position,1,,1220
299.324,274.486,580.45,µm,Spot,Position,1,,1221
295.741,289.68,581.271,µm,Spot,Position,1,,1222
310.896,267.905,587.019,µm,Spot,Position,1,,1223
306.756,283.069,589.002,µm,Spot,Position,1,,1224
303.855,296.868,589.15,µm,Spot,Position,1,,1225
322.37,238.557,581.434,µm,Spot,Position,1,,1226
316.484,253.143,584.896,µm,Spot,Position,1,,1227
330.251,247.431,590.557,µm,Spot,Position,1,,1228
324.224,261.888,593.158,µm,Spot,Position,1,,1230
316.113,292.403,595.159,µm,Spot,Position,1,,1231
319.2,276.89,595.195,µm,Spot,Position,1,,1232
344.36,241.135,596.068,µm,Spot,Position,1,,1233
338.056,255.698,599.139,µm,Spot,Position,1,,1234
332.832,270.711,600.772,µm,Spot,Position,1,,1236
328.323,285.898,602.188,µm,Spot,Position,1,,1237
633.051,246.658,579.924,µm,Spot,Position,1,,1238
621.939,238.597,584.629,µm,Spot,Position,1,,1239
624.585,251.745,588.933,µm,Spot,Position,1,,1240
614.714,244.365,594.34,µm,Spot,Position,1,,1241
616.07,258.081,596.597,µm,Spot,Position,1,,1242
603.501,237.353,598.555,µm,Spot,Position,1,,1243
648.027,239.049,561.41,µm,Spot,Position,1,,1244
641.091,242.432,570.85,µm,Spot,Position,1,,1245
698.084,747.41,565.417,µm,Spot,Position,1,,1246
699.317,735.063,571.292,µm,Spot,Position,1,,1247
698.036,722.943,574.17,µm,Spot,Position,1,,1248
695.59,711.305,576.295,µm,Spot,Position,1,,1249
689.953,745.035,575.335,µm,Spot,Position,1,,1250
679.393,754.385,578.719,µm,Spot,Position,1,,1251
689.94,732.457,579.575,µm,Spot,Position,1,,1252
688.949,719.244,582.276,µm,Spot,Position,1,,1253
680.535,741.922,583.88,µm,Spot,Position,1,,1254
681.808,728.833,588.087,µm,Spot,Position,1,,1255
670.772,750.875,587.424,µm,Spot,Position,1,,1256
680.053,715.182,589.161,µm,Spot,Position,1,,1257
671.799,737.952,592.138,µm,Spot,Position,1,,1258
672.092,724.552,595.703,µm,Spot,Position,1,,1259
661.36,746.448,595.893,µm,Spot,Position,1,,1260
670.97,712.036,597.03,µm,Spot,Position,1,,1261
662.293,733.115,599.908,µm,Spot,Position,1,,1262
662.103,719.13,602.608,µm,Spot,Position,1,,1263
722.955,739.32,541.773,µm,Spot,Position,1,,1264
721.681,726.743,546.305,µm,Spot,Position,1,,1265
715.435,750.396,546.546,µm,Spot,Position,1,,1266
719.766,714.847,549.727,µm,Spot,Position,1,,1267
715.237,738.449,552.021,µm,Spot,Position,1,,1268
714.116,726.198,555.939,µm,Spot,Position,1,,1269
707.492,749.419,556.956,µm,Spot,Position,1,,1270
711.992,713.987,558.372,µm,Spot,Position,1,,1271
707.927,737.252,561.737,µm,Spot,Position,1,,1272
706.092,724.802,565.025,µm,Spot,Position,1,,1273
704.808,712.82,568.054,µm,Spot,Position,1,,1274
325.573,788.994,537.683,µm,Spot,Position,1,,1275
345.336,808.231,542.903,µm,Spot,Position,1,,1276
337.281,795.888,546.247,µm,Spot,Position,1,,1277
330.859,783.376,548.879,µm,Spot,Position,1,,1278
359.253,813.775,551.314,µm,Spot,Position,1,,1279
350.397,801.902,554.434,µm,Spot,Position,1,,1280
342.612,789.448,557.19,µm,Spot,Position,1,,1281
373.134,818.653,558.949,µm,Spot,Position,1,,1282
336.885,776.301,560.071,µm,Spot,Position,1,,1283
363.856,807.151,562.037,µm,Spot,Position,1,,1284
355.259,794.626,565.294,µm,Spot,Position,1,,1285
348.448,781.861,568.009,µm,Spot,Position,1,,1286
378.264,811.643,569.532,µm,Spot,Position,1,,1287
343.059,769.387,570.499,µm,Spot,Position,1,,1288
369.382,799.15,572.015,µm,Spot,Position,1,,1289
360.836,786.335,575.57,µm,Spot,Position,1,,1290
354.625,772.395,576.708,µm,Spot,Position,1,,1291
374.873,790.718,582.307,µm,Spot,Position,1,,1292
367.572,777.327,583.612,µm,Spot,Position,1,,1293
360.157,763.808,585.349,µm,Spot,Position,1,,1294
373.761,767.943,592.088,µm,Spot,Position,1,,1295
380.51,757.327,599.052,µm,Spot,Position,1,,1296
393.164,815.295,576.102,µm,Spot,Position,1,,1297
383.709,803.449,579.03,µm,Spot,Position,1,,1298
409.068,817.927,581.989,µm,Spot,Position,1,,1299
399.1,806.338,585.449,µm,Spot,Position,1,,1301
390.265,793.816,587.901,µm,Spot,Position,1,,1302
380.888,781.217,590.626,µm,Spot,Position,1,,1303
414.828,808.794,591.711,µm,Spot,Position,1,,1304
405.174,796.624,593.972,µm,Spot,Position,1,,1305
431.288,810.271,596.5,µm,Spot,Position,1,,1306
395.443,784.773,597.404,µm,Spot,Position,1,,1307
387.05,771.252,598.368,µm,Spot,Position,1,,1308
420.314,798.898,600.439,µm,Spot,Position,1,,1309
447.726,810.798,601.626,µm,Spot,Position,1,,1310
638.733,818.243,568.383,µm,Spot,Position,1,,1311
628.812,814.316,577.031,µm,Spot,Position,1,,1312
631.845,802.62,584.609,µm,Spot,Position,1,,1313
618.511,809.858,586.505,µm,Spot,Position,1,,1314
604.438,817.219,587.45,µm,Spot,Position,1,,1315
634.209,789.845,590.661,µm,Spot,Position,1,,1316
621.282,797.362,592.522,µm,Spot,Position,1,,1318
608.223,805.316,594.548,µm,Spot,Position,1,,1319
593.839,812.034,595.318,µm,Spot,Position,1,,1320
636.961,777.107,596.725,µm,Spot,Position,1,,1321
579.215,818.302,596.345,µm,Spot,Position,1,,1322
624.581,785.084,599.501,µm,Spot,Position,1,,1324
611.062,792.055,599.863,µm,Spot,Position,1,,1325
639.064,763.527,601.99,µm,Spot,Position,1,,1326
597.296,799.446,601.542,µm,Spot,Position,1,,1327
704.076,784.458,538.664,µm,Spot,Position,1,,1328
693.414,795.033,541.878,µm,Spot,Position,1,,1329
681.766,805.01,544.136,µm,Spot,Position,1,,1330
670.351,814.908,547.441,µm,Spot,Position,1,,1331
694.953,783.532,548.283,µm,Spot,Position,1,,1332
684.8,793.859,551.717,µm,Spot,Position,1,,1333
672.443,803.329,554.025,µm,Spot,Position,1,,1334
696.685,771.82,554.915,µm,Spot,Position,1,,1335
661.57,812.758,556.976,µm,Spot,Position,1,,1336
686.404,782.113,558.337,µm,Spot,Position,1,,1337
697.679,759.856,560.577,µm,Spot,Position,1,,1338
675.907,791.886,561.134,µm,Spot,Position,1,,1339
663.671,801.27,563.72,µm,Spot,Position,1,,1340
687.903,769.802,564.096,µm,Spot,Position,1,,1341
651.423,809.805,566.014,µm,Spot,Position,1,,1342
677.384,779.757,567.99,µm,Spot,Position,1,,1343
689.02,757.562,569.935,µm,Spot,Position,1,,1344
665.92,789.153,570.404,µm,Spot,Position,1,,1345
678.715,767.286,573.491,µm,Spot,Position,1,,1346
653.962,798.193,573.548,µm,Spot,Position,1,,1347
641.464,806.341,575.247,µm,Spot,Position,1,,1348
667.821,776.52,576.357,µm,Spot,Position,1,,1349
656.109,785.618,579.441,µm,Spot,Position,1,,1350
644.573,794.476,582.073,µm,Spot,Position,1,,1351
669.659,763.867,582.326,µm,Spot,Position,1,,1352
658.334,772.941,585.192,µm,Spot,Position,1,,1353
646.264,781.587,587.923,µm,Spot,Position,1,,1354
660.546,759.996,591.205,µm,Spot,Position,1,,1355
648.625,768.761,594.129,µm,Spot,Position,1,,1356
650.969,755.601,599.471,µm,Spot,Position,1,,1357
714.663,761.772,541.174,µm,Spot,Position,1,,1358
705.211,772.699,545.07,µm,Spot,Position,1,,1359
706.812,761.277,551.469,µm,Spot,Position,1,,1360
354.055,820.172,539.656,µm,Spot,Position,1,,1361
378.399,835.846,543.062,µm,Spot,Position,1,,1362
368.581,825.005,547.304,µm,Spot,Position,1,,1363
389.107,845.427,538.209,µm,Spot,Position,1,,1364
416.487,858.963,538.539,µm,Spot,Position,1,,1365
432.622,861.458,544.079,µm,Spot,Position,1,,1366
404.427,850.192,545.02,µm,Spot,Position,1,,1367
393.472,840.23,550.294,µm,Spot,Position,1,,1368
420.921,853.534,550.878,µm,Spot,Position,1,,1369
382.816,830.047,555.027,µm,Spot,Position,1,,1370
437.439,855.485,555.818,µm,Spot,Position,1,,1371
409.663,843.771,556.089,µm,Spot,Position,1,,1372
398.098,834.143,561.713,µm,Spot,Position,1,,1373
425.846,846.882,561.956,µm,Spot,Position,1,,1374
388.357,823.172,565.559,µm,Spot,Position,1,,1375
414.784,836.863,567.198,µm,Spot,Position,1,,1376
442.683,847.734,566.495,µm,Spot,Position,1,,1377
403.842,826.173,572.066,µm,Spot,Position,1,,1378
430.89,838.92,572.338,µm,Spot,Position,1,,1379
419.72,829.419,577.858,µm,Spot,Position,1,,1380
436.92,830.293,582.779,µm,Spot,Position,1,,1381
425.195,819.89,587.518,µm,Spot,Position,1,,1382
441.911,820.979,592.928,µm,Spot,Position,1,,1383
489.209,878.147,538.894,µm,Spot,Position,1,,1384
460.904,870.668,542.303,µm,Spot,Position,1,,1385
506.68,877.693,543.102,µm,Spot,Position,1,,1386
477.504,871.69,546.964,µm,Spot,Position,1,,1387
449.075,862.993,549.049,µm,Spot,Position,1,,1388
494.487,871.656,551.152,µm,Spot,Position,1,,1389
465.934,864.201,554.059,µm,Spot,Position,1,,1390
482.966,864.336,558.038,µm,Spot,Position,1,,1391
454.104,856.864,561.029,µm,Spot,Position,1,,1392
500.165,863.729,561.892,µm,Spot,Position,1,,1393
471.047,857.19,565.124,µm,Spot,Position,1,,1394
488.193,856.95,568.779,µm,Spot,Position,1,,1395
459.198,848.409,571.584,µm,Spot,Position,1,,1396
505.522,854.775,572.024,µm,Spot,Position,1,,1397
476.403,848.678,575.948,µm,Spot,Position,1,,1398
447.914,840.639,577.889,µm,Spot,Position,1,,1399
494.066,847.122,578.813,µm,Spot,Position,1,,1400
464.666,840.234,582.183,µm,Spot,Position,1,,1401
481.837,839.849,586.078,µm,Spot,Position,1,,1402
453.419,831.144,587.46,µm,Spot,Position,1,,1403
498.709,838.313,589.167,µm,Spot,Position,1,,1404
470.682,830.812,591.246,µm,Spot,Position,1,,1405
487.271,829.638,594.335,µm,Spot,Position,1,,1406
458.788,821.51,597.086,µm,Spot,Position,1,,1407
504.363,827.761,597.104,µm,Spot,Position,1,,1408
475.738,821.271,601.787,µm,Spot,Position,1,,1409
567.606,873.399,541.235,µm,Spot,Position,1,,1411
523.512,875.739,545.821,µm,Spot,Position,1,,1412
556.585,868.874,549.988,µm,Spot,Position,1,,1414
572.375,865.12,551.79,µm,Spot,Position,1,,1415
511.861,869.766,553.897,µm,Spot,Position,1,,1416
528.431,867.094,555.939,µm,Spot,Position,1,,1417
561.138,859.887,560.242,µm,Spot,Position,1,,1419
517.151,861.05,564.071,µm,Spot,Position,1,,1420
550.229,854.969,568.891,µm,Spot,Position,1,,1422
565.913,850.516,570.315,µm,Spot,Position,1,,1423
522.431,852.369,574.65,µm,Spot,Position,1,,1424
554.911,844.932,578.453,µm,Spot,Position,1,,1426
570.594,840.153,579.305,µm,Spot,Position,1,,1427
510.603,845.475,581.653,µm,Spot,Position,1,,1428
543.949,839.171,586.947,µm,Spot,Position,1,,1430
559.286,834.46,587.401,µm,Spot,Position,1,,1431
515.616,835.393,591.053,µm,Spot,Position,1,,1433
548.174,828.091,594.905,µm,Spot,Position,1,,1435
563.591,823.338,595.266,µm,Spot,Position,1,,1436
537.356,820.84,601.597,µm,Spot,Position,1,,1438
628.04,850.151,543.119,µm,Spot,Position,1,,1439
613.707,857.504,543.615,µm,Spot,Position,1,,1440
598.465,863.123,543.099,µm,Spot,Position,1,,1441
583.079,868.911,542.874,µm,Spot,Position,1,,1442
631.804,840.282,552.253,µm,Spot,Position,1,,1443
617.939,847.615,552.869,µm,Spot,Position,1,,1444
603.12,853.764,552.798,µm,Spot,Position,1,,1445
587.811,859.717,552.836,µm,Spot,Position,1,,1446
635.303,829.382,559.719,µm,Spot,Position,1,,1447
621.576,836.616,561.283,µm,Spot,Position,1,,1448
577.039,855.668,561.754,µm,Spot,Position,1,,1449
607.525,843.669,562.077,µm,Spot,Position,1,,1450
592.588,849.903,562.142,µm,Spot,Position,1,,1451
625.34,825.972,569.461,µm,Spot,Position,1,,1452
611.167,832.838,569.828,µm,Spot,Position,1,,1453
596.74,839.543,570.979,µm,Spot,Position,1,,1454
581.814,845.592,570.962,µm,Spot,Position,1,,1455
614.918,821.624,578.276,µm,Spot,Position,1,,1456
600.614,828.378,579.234,µm,Spot,Position,1,,1457
585.771,834.679,579.569,µm,Spot,Position,1,,1458
589.82,823.119,587.594,µm,Spot,Position,1,,1459
574.99,829.492,587.989,µm,Spot,Position,1,,1460
667.503,825.69,539.148,µm,Spot,Position,1,,1461
654.725,834.305,540.528,µm,Spot,Position,1,,1462
641.383,842.508,541.971,µm,Spot,Position,1,,1463
658.405,823.798,549.267,µm,Spot,Position,1,,1464
645.002,832.211,550.421,µm,Spot,Position,1,,1465
648.661,821.206,558.78,µm,Spot,Position,1,,1466
374.761,232.14,606.176,µm,Spot,Position,1,,1467
383.004,218.348,603.038,µm,Spot,Position,1,,1468
424.303,201.453,604.607,µm,Spot,Position,1,,1469
441.514,200.681,606.938,µm,Spot,Position,1,,1470
398.803,215.262,607.379,µm,Spot,Position,1,,1471
415.461,213.243,610.583,µm,Spot,Position,1,,1472
390.876,228.404,610.883,µm,Spot,Position,1,,1473
431.82,212.129,613.327,µm,Spot,Position,1,,1474
406.977,225.33,614.992,µm,Spot,Position,1,,1475
423.43,223.427,617.176,µm,Spot,Position,1,,1476
440.125,222.288,619.984,µm,Spot,Position,1,,1477
415.15,236.223,621.276,µm,Spot,Position,1,,1478
431.657,234.452,623.16,µm,Spot,Position,1,,1479
467.078,190.321,603.366,µm,Spot,Position,1,,1480
482.948,191.589,604.528,µm,Spot,Position,1,,1481
499.091,193.073,605.562,µm,Spot,Position,1,,1482
473.897,201.015,610.892,µm,Spot,Position,1,,1484
489.838,202.172,612.095,µm,Spot,Position,1,,1485
505.549,204.477,611.84,µm,Spot,Position,1,,1486
464.901,211.065,616.964,µm,Spot,Position,1,,1488
480.748,212.005,618.492,µm,Spot,Position,1,,1489
496.699,213.785,618.24,µm,Spot,Position,1,,1490
471.95,222.257,623.656,µm,Spot,Position,1,,1492
503.792,225.324,624.24,µm,Spot,Position,1,,1493
487.682,223.099,624.532,µm,Spot,Position,1,,1494
464.246,233.221,627.791,µm,Spot,Position,1,,1496
478.924,233.719,629.227,µm,Spot,Position,1,,1497
494.564,235.413,629.431,µm,Spot,Position,1,,1498
544.62,203.718,602.981,µm,Spot,Position,1,,1499
514.465,195.928,604.606,µm,Spot,Position,1,,1500
529.987,199.221,604.486,µm,Spot,Position,1,,1501
565.049,220.342,607.114,µm,Spot,Position,1,,1502
550.593,215.834,608.827,µm,Spot,Position,1,,1503
536.242,211.067,610.538,µm,Spot,Position,1,,1504
521.329,207.477,611.611,µm,Spot,Position,1,,1505
570.196,232.641,611.811,µm,Spot,Position,1,,1506
556.512,228.19,613.704,µm,Spot,Position,1,,1508
542.299,223.56,616.066,µm,Spot,Position,1,,1509
527.774,218.824,617.551,µm,Spot,Position,1,,1510
512.377,216.063,618.813,µm,Spot,Position,1,,1511
548.417,236.159,620.665,µm,Spot,Position,1,,1512
518.937,228.228,623.298,µm,Spot,Position,1,,1513
534.005,231.903,622.197,µm,Spot,Position,1,,1514
578.19,225.779,603.999,µm,Spot,Position,1,,1515
325.734,298.953,601.841,µm,Spot,Position,1,,1516
352.845,250.844,604.113,µm,Spot,Position,1,,1517
346.404,265.476,606.044,µm,Spot,Position,1,,1518
341.846,280.511,607.462,µm,Spot,Position,1,,1519
339.079,295.309,606.38,µm,Spot,Position,1,,1520
366.993,245.583,610.269,µm,Spot,Position,1,,1522
361.058,260.308,611.722,µm,Spot,Position,1,,1523
351.228,290.495,611.704,µm,Spot,Position,1,,1524
355.573,275.054,612.711,µm,Spot,Position,1,,1525
361.722,297.672,615.929,µm,Spot,Position,1,,1526
376.011,255.563,616.249,µm,Spot,Position,1,,1527
369.527,270.267,617.36,µm,Spot,Position,1,,1528
364.966,284.73,617.893,µm,Spot,Position,1,,1529
379.142,281.509,622.205,µm,Spot,Position,1,,1530
374.984,294.808,620.697,µm,Spot,Position,1,,1531
382.733,241.968,613.681,µm,Spot,Position,1,,1532
398.309,238.814,618.056,µm,Spot,Position,1,,1533
391.276,252.178,621.19,µm,Spot,Position,1,,1534
385.055,266.621,622.009,µm,Spot,Position,1,,1535
407.066,249.371,624.161,µm,Spot,Position,1,,1536
389.517,291.505,624.215,µm,Spot,Position,1,,1537
400.13,263.112,625.128,µm,Spot,Position,1,,1538
394,277.762,626.152,µm,Spot,Position,1,,1539
422.951,247.627,627.032,µm,Spot,Position,1,,1540
404.203,288.288,627.889,µm,Spot,Position,1,,1541
439.58,245.763,629.028,µm,Spot,Position,1,,1542
415.736,260.922,629.375,µm,Spot,Position,1,,1543
409.073,274.978,629.303,µm,Spot,Position,1,,1544
418.773,287.343,630.89,µm,Spot,Position,1,,1545
431.476,259.341,631.925,µm,Spot,Position,1,,1546
424.865,273.02,633.299,µm,Spot,Position,1,,1547
433.706,284.768,633.94,µm,Spot,Position,1,,1548
440.069,271.642,635.328,µm,Spot,Position,1,,1549
455.984,244.683,631.664,µm,Spot,Position,1,,1550
486.348,246.168,633.467,µm,Spot,Position,1,,1551
447.456,258.009,633.483,µm,Spot,Position,1,,1552
470.75,245.236,633.497,µm,Spot,Position,1,,1553
501.885,247.978,634.046,µm,Spot,Position,1,,1554
463.459,257.408,635.83,µm,Spot,Position,1,,1555
477.837,257.841,637.125,µm,Spot,Position,1,,1556
454.872,270.517,637.078,µm,Spot,Position,1,,1557
448.397,283.919,636.312,µm,Spot,Position,1,,1558
493.382,258.713,637.87,µm,Spot,Position,1,,1559
508.666,260.665,638.084,µm,Spot,Position,1,,1560
470.318,270.228,638.695,µm,Spot,Position,1,,1561
463.121,283.398,638.421,µm,Spot,Position,1,,1562
485.508,270.635,639.837,µm,Spot,Position,1,,1563
500.087,271.755,640.001,µm,Spot,Position,1,,1564
491.716,283.419,640.154,µm,Spot,Position,1,,1565
477.026,283.731,639.853,µm,Spot,Position,1,,1566
506.514,284.561,641.357,µm,Spot,Position,1,,1567
562.237,240.508,618.473,µm,Spot,Position,1,,1568
567.494,254.233,622.23,µm,Spot,Position,1,,1569
571.37,268.148,624.24,µm,Spot,Position,1,,1570
554.041,248.892,625.123,µm,Spot,Position,1,,1571
540.104,244.507,627.157,µm,Spot,Position,1,,1572
559.175,262.823,627.499,µm,Spot,Position,1,,1573
510.736,237.866,628.839,µm,Spot,Position,1,,1574
525.586,240.634,629.26,µm,Spot,Position,1,,1575
562.924,276.484,628.631,µm,Spot,Position,1,,1576
545.889,258.298,630.571,µm,Spot,Position,1,,1577
550.819,272.821,631.603,µm,Spot,Position,1,,1578
531.682,253.908,633.118,µm,Spot,Position,1,,1579
517.12,250.301,634.006,µm,Spot,Position,1,,1580
537.547,267.958,635.743,µm,Spot,Position,1,,1581
523.639,263.798,637.245,µm,Spot,Position,1,,1582
542.003,281.019,635.458,µm,Spot,Position,1,,1583
529.357,278.452,638.396,µm,Spot,Position,1,,1584
515.406,273.853,639.088,µm,Spot,Position,1,,1585
520.85,286.07,641.293,µm,Spot,Position,1,,1586
607.55,250.915,602.535,µm,Spot,Position,1,,1587
595.67,244.104,605.38,µm,Spot,Position,1,,1588
608.068,264.349,603.468,µm,Spot,Position,1,,1589
598.801,258.003,608.478,µm,Spot,Position,1,,1590
583.151,238.273,608.961,µm,Spot,Position,1,,1591
587.613,251.562,612.087,µm,Spot,Position,1,,1592
591.662,265.746,614.324,µm,Spot,Position,1,,1593
575.265,245.627,615.76,µm,Spot,Position,1,,1594
579.693,259.462,618.439,µm,Spot,Position,1,,1595
582.989,272.353,620.036,µm,Spot,Position,1,,1596
402.28,749.364,610.37,µm,Spot,Position,1,,1598
415.783,751.206,615.746,µm,Spot,Position,1,,1599
423.549,740.881,619.172,µm,Spot,Position,1,,1600
430.663,752.607,620.949,µm,Spot,Position,1,,1601
437.454,740.26,624.416,µm,Spot,Position,1,,1602
446.151,751.916,625.24,µm,Spot,Position,1,,1606
452.853,739.381,626.997,µm,Spot,Position,1,,1607
461.332,751.573,628.791,µm,Spot,Position,1,,1608
467.721,738.367,629.594,µm,Spot,Position,1,,1609
476.682,750.256,631.005,µm,Spot,Position,1,,1610
482.363,737.221,632.08,µm,Spot,Position,1,,1611
492.253,748.408,633.271,µm,Spot,Position,1,,1612
497.331,735.019,634.658,µm,Spot,Position,1,,1613
507.286,746.242,636.772,µm,Spot,Position,1,,1614
572.29,752.349,632.179,µm,Spot,Position,1,,1615
532.359,753.551,634.883,µm,Spot,Position,1,,1616
512.042,732.241,637.127,µm,Spot,Position,1,,1617
561.937,743.928,636.395,µm,Spot,Position,1,,1618
547.302,749.294,635.869,µm,Spot,Position,1,,1619
564.725,730.13,638.028,µm,Spot,Position,1,,1620
526.411,728.995,638.687,µm,Spot,Position,1,,1621
536.482,739.652,638.647,µm,Spot,Position,1,,1622
522.068,743.178,637.934,µm,Spot,Position,1,,1623
567.487,716.98,638.852,µm,Spot,Position,1,,1624
554.255,721.039,639.4,µm,Spot,Position,1,,1625
540.611,725.013,639.817,µm,Spot,Position,1,,1626
550.687,734.99,639.03,µm,Spot,Position,1,,1627
631.247,744.496,613.656,µm,Spot,Position,1,,1628
633.003,730.481,616.49,µm,Spot,Position,1,,1629
633.778,716.039,617.836,µm,Spot,Position,1,,1630
619.781,752.124,616.582,µm,Spot,Position,1,,1631
621.648,738.391,620.035,µm,Spot,Position,1,,1632
622.628,724.513,622.35,µm,Spot,Position,1,,1633
609.496,745.98,622.878,µm,Spot,Position,1,,1634
623.355,711.351,623.555,µm,Spot,Position,1,,1635
611.168,731.752,625.68,µm,Spot,Position,1,,1636
596.465,753.308,624.546,µm,Spot,Position,1,,1637
611.969,717.081,627.019,µm,Spot,Position,1,,1638
599.147,739.064,629.015,µm,Spot,Position,1,,1639
600.88,724.09,629.435,µm,Spot,Position,1,,1640
586.146,746.031,630.057,µm,Spot,Position,1,,1641
590.525,717.14,633.256,µm,Spot,Position,1,,1642
588.485,731.198,633.416,µm,Spot,Position,1,,1643
575.58,737.706,634.762,µm,Spot,Position,1,,1644
578.486,722.902,636.029,µm,Spot,Position,1,,1645
652.228,741.923,603.811,µm,Spot,Position,1,,1647
653.407,727.817,607.414,µm,Spot,Position,1,,1648
641.278,750.082,606.902,µm,Spot,Position,1,,1649
652.323,714.57,608.914,µm,Spot,Position,1,,1650
642.384,736.659,610.329,µm,Spot,Position,1,,1651
643.248,722.21,612.376,µm,Spot,Position,1,,1652
411.314,786.71,602.912,µm,Spot,Position,1,,1653
394.465,760.619,605.403,µm,Spot,Position,1,,1654
402.268,774.102,604.746,µm,Spot,Position,1,,1655
437.224,799.913,604.565,µm,Spot,Position,1,,1656
426.65,788.083,607.929,µm,Spot,Position,1,,1657
408.998,763.216,610.671,µm,Spot,Position,1,,1658
416.961,776.322,610.478,µm,Spot,Position,1,,1659
442.87,788.682,612.801,µm,Spot,Position,1,,1660
432.705,776.977,614.835,µm,Spot,Position,1,,1661
423.728,764.695,615.89,µm,Spot,Position,1,,1662
439.574,765.226,619.997,µm,Spot,Position,1,,1663
493.11,819.117,603.331,µm,Spot,Position,1,,1664
464.588,810.448,604.759,µm,Spot,Position,1,,1665
509.84,816.577,606.019,µm,Spot,Position,1,,1666
481.495,809.586,608.266,µm,Spot,Position,1,,1667
453.301,800.118,609.672,µm,Spot,Position,1,,1668
498.238,807.969,611.357,µm,Spot,Position,1,,1669
470.307,798.884,612.965,µm,Spot,Position,1,,1670
487.094,797.81,615.872,µm,Spot,Position,1,,1671
459.11,788.523,616.907,µm,Spot,Position,1,,1672
448.904,777.073,618.792,µm,Spot,Position,1,,1673
475.897,786.834,619.095,µm,Spot,Position,1,,1674
503.148,795.762,618.481,µm,Spot,Position,1,,1675
465.104,776.064,622.615,µm,Spot,Position,1,,1676
492.122,785.57,622.47,µm,Spot,Position,1,,1677
455.832,764.419,624.368,µm,Spot,Position,1,,1678
481.102,774.575,625.713,µm,Spot,Position,1,,1680
471.058,763.267,628.412,µm,Spot,Position,1,,1681
497.221,772.977,627.794,µm,Spot,Position,1,,1682
486.61,761.603,629.831,µm,Spot,Position,1,,1683
502.348,759.81,632.757,µm,Spot,Position,1,,1684
568.003,811.327,602.616,µm,Spot,Position,1,,1685
552.55,816.901,602.515,µm,Spot,Position,1,,1686
572.112,799.077,609.681,µm,Spot,Position,1,,1690
541.596,808.859,609.432,µm,Spot,Position,1,,1691
557.005,804.744,610.343,µm,Spot,Position,1,,1692
530.765,801.127,614.4,µm,Spot,Position,1,,1695
561.064,791.988,616.167,µm,Spot,Position,1,,1696
546.121,796.917,616.062,µm,Spot,Position,1,,1697
534.813,788.696,621.48,µm,Spot,Position,1,,1699
565.212,779.449,622.593,µm,Spot,Position,1,,1700
550.388,784.621,622.634,µm,Spot,Position,1,,1701
523.767,779.917,626.261,µm,Spot,Position,1,,1702
568.841,766.017,626.93,µm,Spot,Position,1,,1703
554.104,771.272,627.748,µm,Spot,Position,1,,1704
539.082,776.152,627.201,µm,Spot,Position,1,,1705
513.254,770.185,630.805,µm,Spot,Position,1,,1706
557.957,757.767,631.695,µm,Spot,Position,1,,1707
543.224,762.79,631.621,µm,Spot,Position,1,,1708
528.24,766.918,631.64,µm,Spot,Position,1,,1709
517.863,756.903,634.764,µm,Spot,Position,1,,1710
583.117,805.583,602.908,µm,Spot,Position,1,,1711
627.259,771.711,604.579,µm,Spot,Position,1,,1712
613.915,779.456,606.111,µm,Spot,Position,1,,1713
600.632,786.816,607.733,µm,Spot,Position,1,,1714
586.805,792.922,608.724,µm,Spot,Position,1,,1715
629.602,758.186,610.132,µm,Spot,Position,1,,1716
616.948,766.079,611.69,µm,Spot,Position,1,,1717
604.487,773.537,614.294,µm,Spot,Position,1,,1718
589.884,780.402,614.702,µm,Spot,Position,1,,1719
575.91,786.431,616.229,µm,Spot,Position,1,,1720
606.82,760.058,618.57,µm,Spot,Position,1,,1721
593.529,766.891,620.097,µm,Spot,Position,1,,1722
579.618,773.334,621.731,µm,Spot,Position,1,,1723
583.265,760.098,626.329,µm,Spot,Position,1,,1724
744.438,773.597,432.92,µm,Spot,Position,1,,1725
732.509,797.022,415.651,µm,Spot,Position,1,,1726
726.632,804.474,407.291,µm,Spot,Position,1,,1727
715.03,820.519,396.099,µm,Spot,Position,1,,1728
701.997,834.378,386.262,µm,Spot,Position,1,,1729
731.852,715.586,529.947,µm,Spot,Position,1,,1730
726.058,715.39,539.79,µm,Spot,Position,1,,1731
513.895,915.124,454.168,µm,Spot,Position,1,,1732
367.662,756.103,593.208,µm,Spot,Position,1,,1733
388.973,749.08,605.206,µm,Spot,Position,1,,1734
653.394,165.296,407.672,µm,Spot,Position,1,,1735
673.415,244.085,524.21,µm,Spot,Position,1,,1736
668.196,245.702,534.916,µm,Spot,Position,1,,1737
662.312,247.363,544.986,µm,Spot,Position,1,,1738
655.835,249.346,555.241,µm,Spot,Position,1,,1739
648.88,252.019,564.03,µm,Spot,Position,1,,1740
641.466,254.873,573.098,µm,Spot,Position,1,,1741
633.46,258.476,582.305,µm,Spot,Position,1,,1742
625.171,263.153,591.368,µm,Spot,Position,1,,1743
409.773,131.049,361.328,µm,Spot,Position,1,,1744
389.411,138.096,366.53,µm,Spot,Position,1,,1745
358.93,151.388,377.556,µm,Spot,Position,1,,1746
331.004,167.467,388.497,µm,Spot,Position,1,,1747
473.301,95.3901,463.966,µm,Spot,Position,1,DOWN,262
562.815,910.524,463.006,µm,Spot,Position,1,DOWN,576
469.083,103.18,486.647,µm,Spot,Position,1,DOWN,614
465.039,113.246,508.829,µm,Spot,Position,1,DOWN,671
461.68,124.818,529.505,µm,Spot,Position,1,DOWN,679
546.029,885.063,528.36,µm,Spot,Position,1,DOWN,929
557.297,904.842,485.91,µm,Spot,Position,1,DOWN,1003
551.628,896.236,507.54,µm,Spot,Position,1,DOWN,1011
458.494,139.062,549.163,µm,Spot,Position,1,DOWN,1053
455.274,153.494,568.7,µm,Spot,Position,1,DOWN,1061
452.508,170.643,586.228,µm,Spot,Position,1,DOWN,1069
450.298,189.931,601.901,µm,Spot,Position,1,DOWN,1148
540.084,872.662,547.952,µm,Spot,Position,1,DOWN,1413
533.763,858.939,567.022,µm,Spot,Position,1,DOWN,1421
527.398,842.602,583.84,µm,Spot,Position,1,DOWN,1429
520.938,824.74,600.129,µm,Spot,Position,1,DOWN,1437
448.783,210.773,614.832,µm,Spot,Position,1,DOWN,1487
447.759,233.242,625.848,µm,Spot,Position,1,DOWN,1495
507.824,782.928,624.407,µm,Spot,Position,1,DOWN,1679
514.711,804.67,612.71,µm,Spot,Position,1,DOWN,1693
479.655,98.5662,476.887,µm,Spot,Position,1,UP,611
475.367,107.416,499.298,µm,Spot,Position,1,UP,667
472.014,118.595,520.586,µm,Spot,Position,1,UP,675
568.734,906.09,475.715,µm,Spot,Position,1,UP,1000
563.203,899.245,498.191,µm,Spot,Position,1,UP,1008
557.702,889.371,519.479,µm,Spot,Position,1,UP,1016
468.683,131.553,541.023,µm,Spot,Position,1,UP,1050
465.637,146.273,559.728,µm,Spot,Position,1,UP,1058
462.866,162.056,578.387,µm,Spot,Position,1,UP,1066
460.256,180.401,594.776,µm,Spot,Position,1,UP,1143
551.565,877.304,539.173,µm,Spot,Position,1,UP,1410
545.834,864.607,559.007,µm,Spot,Position,1,UP,1418
539.114,849.469,577.453,µm,Spot,Position,1,UP,1425
533.003,832.349,593.361,µm,Spot,Position,1,UP,1434
458.032,200.164,609.414,µm,Spot,Position,1,UP,1483
456.932,221.7,622.425,µm,Spot,Position,1,UP,1491
526.421,813.16,607.577,µm,Spot,Position,1,UP,1688
519.722,792.711,620.468,µm,Spot,Position,1,UP,1698
