Position X,Position Y,Position Z,Unit,Category,Collection,Time,ID
444.802,102.383,332.293,µm,Spot,Position,1,0
433.094,98.6618,341.525,µm,Spot,Position,1,1
506.713,96.7451,323.168,µm,Spot,Position,1,2
491.799,99.372,322.071,µm,Spot,Position,1,3
468.462,99.6681,326.695,µm,Spot,Position,1,4
481.562,92.6949,329.588,µm,Spot,Position,1,5
496.473,88.1437,332.288,µm,Spot,Position,1,6
457.032,94.2252,335.395,µm,Spot,Position,1,7
471.29,86.98,340.02,µm,Spot,Position,1,8
521.047,95.6983,325.243,µm,Spot,Position,1,9
534.497,95.9396,326.833,µm,Spot,Position,1,10
548.731,97.9236,328.869,µm,Spot,Position,1,11
563.472,101.93,331.681,µm,Spot,Position,1,12
511.694,86.2643,334.525,µm,Spot,Position,1,13
526.346,85.4119,337.334,µm,Spot,Position,1,14
541.547,86.1827,339.224,µm,Spot,Position,1,15
557.025,89.3707,341.122,µm,Spot,Position,1,16
572.07,95.6962,342.34,µm,Spot,Position,1,17
584.623,104.532,342.428,µm,Spot,Position,1,18
421.765,107.721,338.327,µm,Spot,Position,1,19
668.372,879.648,339.964,µm,Spot,Position,1,20
507.378,912.283,339.219,µm,Spot,Position,1,21
554.565,909.62,326.309,µm,Spot,Position,1,22
568.687,913.412,328.587,µm,Spot,Position,1,23
531.029,911.532,332.51,µm,Spot,Position,1,24
545.17,917.047,335.755,µm,Spot,Position,1,25
560.228,921.367,339.714,µm,Spot,Position,1,26
520.7,918.211,342.389,µm,Spot,Position,1,27
577.932,904.945,320.588,µm,Spot,Position,1,28
592.919,904.908,321.685,µm,Spot,Position,1,29
607.558,902.375,323.497,µm,Spot,Position,1,30
620.754,898.9,325.18,µm,Spot,Position,1,31
634.023,893.853,326.547,µm,Spot,Position,1,32
585.034,915.171,331.719,µm,Spot,Position,1,33
600.606,913.944,333.941,µm,Spot,Position,1,34
615.468,911.058,336.344,µm,Spot,Position,1,35
629.66,906.112,337.485,µm,Spot,Position,1,36
576.114,922.819,342.378,µm,Spot,Position,1,37
647.63,887.273,329.209,µm,Spot,Position,1,38
643.991,899.471,338.641,µm,Spot,Position,1,39
657.169,890.567,339.635,µm,Spot,Position,1,40
374.897,106.154,379.047,µm,Spot,Position,1,41
376.078,99.7657,394.981,µm,Spot,Position,1,42
364.572,103.493,405.179,µm,Spot,Position,1,43
410.192,106.126,346.971,µm,Spot,Position,1,44
421.842,96.529,351.961,µm,Spot,Position,1,45
435.043,87.901,357.025,µm,Spot,Position,1,46
398.152,104.604,357.78,µm,Spot,Position,1,47
410.395,95.3943,362.508,µm,Spot,Position,1,48
423.874,86.9911,368.023,µm,Spot,Position,1,49
386.489,105.239,368.327,µm,Spot,Position,1,50
438.377,79.6346,372.89,µm,Spot,Position,1,51
398.987,95.6421,373.487,µm,Spot,Position,1,52
412.298,87.4009,378.637,µm,Spot,Position,1,53
426.619,80.1493,383.667,µm,Spot,Position,1,54
387.77,96.8669,384.41,µm,Spot,Position,1,55
442.492,74.4189,388.539,µm,Spot,Position,1,56
401.307,88.896,390.028,µm,Spot,Position,1,57
415.75,81.7056,395.151,µm,Spot,Position,1,58
431.272,75.4343,399.699,µm,Spot,Position,1,59
389.763,91.388,400.517,µm,Spot,Position,1,60
404.415,84.306,405.775,µm,Spot,Position,1,61
486.012,82.4892,343.046,µm,Spot,Position,1,62
501.757,79.4572,346.056,µm,Spot,Position,1,63
446.253,89.8321,346.638,µm,Spot,Position,1,64
460.082,83.2104,350.358,µm,Spot,Position,1,65
475.726,77.7348,354.769,µm,Spot,Position,1,66
491.487,74.5223,357.709,µm,Spot,Position,1,67
507.174,72.9426,360.63,µm,Spot,Position,1,68
449.542,80.5266,361.641,µm,Spot,Position,1,69
464.345,75.373,365.788,µm,Spot,Position,1,70
480.356,71.415,369.987,µm,Spot,Position,1,71
496.752,69.16,372.996,µm,Spot,Position,1,72
453.688,74.4012,377.349,µm,Spot,Position,1,73
469.222,70.3277,381.399,µm,Spot,Position,1,74
486.173,67.3294,385.371,µm,Spot,Position,1,75
502.916,66.1001,388.471,µm,Spot,Position,1,76
458.3,69.9893,392.947,µm,Spot,Position,1,77
475.074,66.8492,397.036,µm,Spot,Position,1,78
492.034,65.0949,400.887,µm,Spot,Position,1,79
508.722,64.9972,403.645,µm,Spot,Position,1,80
447.499,70.4752,404.806,µm,Spot,Position,1,81
517.379,78.1039,348.515,µm,Spot,Position,1,82
532.223,78.3268,350.908,µm,Spot,Position,1,83
548.564,80.5934,353.045,µm,Spot,Position,1,84
564.22,84.6569,354.621,µm,Spot,Position,1,85
522.987,72.4364,363.665,µm,Spot,Position,1,86
539.523,74.0639,365.666,µm,Spot,Position,1,87
555.437,77.2456,367.105,µm,Spot,Position,1,88
571.508,82.1408,367.667,µm,Spot,Position,1,89
512.862,68.4231,375.98,µm,Spot,Position,1,90
529.698,69.2356,378.591,µm,Spot,Position,1,91
546.085,71.95,379.942,µm,Spot,Position,1,92
562.193,75.6132,381.623,µm,Spot,Position,1,93
519.289,66.3547,391.115,µm,Spot,Position,1,94
536.063,68.3042,393.287,µm,Spot,Position,1,95
552.771,71.4181,394.89,µm,Spot,Position,1,96
569.57,76.1244,395.277,µm,Spot,Position,1,97
525.898,66.1836,405.92,µm,Spot,Position,1,98
543.14,68.9207,407.692,µm,Spot,Position,1,99
592.741,99.7976,354.002,µm,Spot,Position,1,100
579.081,91.0048,354.907,µm,Spot,Position,1,101
586.384,88.8909,368.057,µm,Spot,Position,1,102
600.709,97.4698,367.438,µm,Spot,Position,1,103
620.004,106.672,379.2,µm,Spot,Position,1,104
607.177,96.5702,380.57,µm,Spot,Position,1,105
578.448,81.2544,381.568,µm,Spot,Position,1,106
593.587,88.4555,381.697,µm,Spot,Position,1,107
614.12,97.6806,394.112,µm,Spot,Position,1,108
600.336,89.6121,395.347,µm,Spot,Position,1,109
585.443,82.1425,395.793,µm,Spot,Position,1,110
620.648,100.103,407.409,µm,Spot,Position,1,111
311.064,156.458,377.098,µm,Spot,Position,1,112
298.742,162.291,385.726,µm,Spot,Position,1,113
306.998,149.781,391.724,µm,Spot,Position,1,114
287.727,171.09,393.094,µm,Spot,Position,1,115
295.007,157.366,400.915,µm,Spot,Position,1,116
305.971,145.35,406.86,µm,Spot,Position,1,117
376.023,124.242,350.437,µm,Spot,Position,1,118
363.168,126.868,358.121,µm,Spot,Position,1,119
374.205,114.706,363.723,µm,Spot,Position,1,120
342.401,138.313,363.951,µm,Spot,Position,1,121
351.838,127.927,367.172,µm,Spot,Position,1,122
330.419,142.679,372.392,µm,Spot,Position,1,123
362.658,116.671,373.068,µm,Spot,Position,1,124
339.811,130.022,378.062,µm,Spot,Position,1,125
318.7,145.162,381.964,µm,Spot,Position,1,126
351.205,118.861,383.603,µm,Spot,Position,1,127
328.658,133.856,387.963,µm,Spot,Position,1,128
363.286,109.121,389.308,µm,Spot,Position,1,129
339.942,123.228,394.16,µm,Spot,Position,1,130
317.303,138.805,397.728,µm,Spot,Position,1,131
351.85,112.876,399.545,µm,Spot,Position,1,132
328.703,128.13,404.058,µm,Spot,Position,1,133
398.918,115.656,343.73,µm,Spot,Position,1,134
386.777,114.971,352.79,µm,Spot,Position,1,135
604.415,110.951,353.896,µm,Spot,Position,1,136
623,118.767,364.976,µm,Spot,Position,1,137
612.473,107.817,366.214,µm,Spot,Position,1,138
631.368,116.946,377.564,µm,Spot,Position,1,139
639.046,118.048,390.922,µm,Spot,Position,1,140
627.277,107.38,392.145,µm,Spot,Position,1,141
633.93,109.74,405.543,µm,Spot,Position,1,142
640.898,129.324,376.788,µm,Spot,Position,1,143
649.478,129.992,388.125,µm,Spot,Position,1,144
658.344,142.732,388.227,µm,Spot,Position,1,145
666.332,144.525,400.175,µm,Spot,Position,1,146
673.2,156.835,400.207,µm,Spot,Position,1,147
656.974,131.371,402.166,µm,Spot,Position,1,148
645.901,120.148,403.62,µm,Spot,Position,1,149
277.354,179.642,400.772,µm,Spot,Position,1,150
748.077,807.817,397.425,µm,Spot,Position,1,151
754.714,800.351,407.403,µm,Spot,Position,1,152
376.304,881.737,388.057,µm,Spot,Position,1,153
363.8,875.859,395.845,µm,Spot,Position,1,154
352.217,868.975,403.129,µm,Spot,Position,1,155
688.018,870.216,351.551,µm,Spot,Position,1,156
677.861,882.093,351.55,µm,Spot,Position,1,157
696.672,870.716,364.137,µm,Spot,Position,1,158
686.018,883.052,364.827,µm,Spot,Position,1,159
693.714,881.28,378.076,µm,Spot,Position,1,160
700.631,878.738,391.561,µm,Spot,Position,1,161
705.289,857.914,362.711,µm,Spot,Position,1,162
721.251,842.837,374.076,µm,Spot,Position,1,163
713.696,856.195,375.395,µm,Spot,Position,1,164
705.078,869.293,376.775,µm,Spot,Position,1,165
736,826.496,385.865,µm,Spot,Position,1,166
729.459,840.31,386.08,µm,Spot,Position,1,167
721.068,854.134,388.445,µm,Spot,Position,1,168
711.863,866.81,390.035,µm,Spot,Position,1,169
743.429,821.842,396.984,µm,Spot,Position,1,170
737.074,836.745,399.945,µm,Spot,Position,1,171
728.274,849.964,401.156,µm,Spot,Position,1,172
718.027,863.311,403.283,µm,Spot,Position,1,173
707.124,875.156,404.506,µm,Spot,Position,1,174
373.595,887.519,401.78,µm,Spot,Position,1,175
422.258,899.26,366.437,µm,Spot,Position,1,176
433.858,907.245,369.835,µm,Spot,Position,1,177
409.176,897.182,374.497,µm,Spot,Position,1,178
421.537,907.234,380.528,µm,Spot,Position,1,179
396.902,893.581,382.667,µm,Spot,Position,1,180
435.36,915.149,386.02,µm,Spot,Position,1,181
409.47,904.183,389.442,µm,Spot,Position,1,182
386.106,891.404,391.832,µm,Spot,Position,1,183
423.218,913.222,395.832,µm,Spot,Position,1,184
397.89,901.226,398.47,µm,Spot,Position,1,185
437.7,920.213,401.739,µm,Spot,Position,1,186
411.047,910.351,405.018,µm,Spot,Position,1,187
482.436,910.558,345.685,µm,Spot,Position,1,188
496.017,916.316,347.911,µm,Spot,Position,1,189
458.124,906.779,352.9,µm,Spot,Position,1,190
509.833,922.726,352.585,µm,Spot,Position,1,191
470.346,913.048,354.901,µm,Spot,Position,1,192
445.011,906.281,360.541,µm,Spot,Position,1,193
484.436,920.499,359.414,µm,Spot,Position,1,194
499.182,926.069,363.902,µm,Spot,Position,1,195
458.725,915.53,365.662,µm,Spot,Position,1,196
472.762,921.821,369.764,µm,Spot,Position,1,197
446.939,915.381,375.328,µm,Spot,Position,1,198
487.41,927.791,374.613,µm,Spot,Position,1,199
502.927,932.545,379.34,µm,Spot,Position,1,200
461.387,922.511,380.883,µm,Spot,Position,1,201
476.158,928.595,385.86,µm,Spot,Position,1,202
449.872,922.125,391.365,µm,Spot,Position,1,203
491.837,933.677,390.751,µm,Spot,Position,1,204
507.8,937.541,395.912,µm,Spot,Position,1,205
464.703,928.28,397.015,µm,Spot,Position,1,206
480.32,933.38,401.938,µm,Spot,Position,1,207
452.34,926.278,407.221,µm,Spot,Position,1,208
496.276,937.576,406.925,µm,Spot,Position,1,209
535.185,923.47,346.447,µm,Spot,Position,1,210
550.71,927.007,350.893,µm,Spot,Position,1,211
567.133,928.647,353.991,µm,Spot,Position,1,212
524.725,927.344,357.147,µm,Spot,Position,1,213
540.494,931.406,361.856,µm,Spot,Position,1,214
556.831,933.819,365.534,µm,Spot,Position,1,215
513.836,930.697,367.937,µm,Spot,Position,1,216
573.651,934.448,369.443,µm,Spot,Position,1,217
529.647,934.66,372.787,µm,Spot,Position,1,218
546.249,937.12,377.259,µm,Spot,Position,1,219
563.181,937.581,381.132,µm,Spot,Position,1,220
519.168,936.69,384.188,µm,Spot,Position,1,221
535.306,938.88,388.225,µm,Spot,Position,1,222
552.517,939.83,392.508,µm,Spot,Position,1,223
569.68,939.693,396.816,µm,Spot,Position,1,224
524.368,940.139,400.045,µm,Spot,Position,1,225
541.445,941.135,404.213,µm,Spot,Position,1,226
592.609,922.408,345.511,µm,Spot,Position,1,227
608.216,919.547,347.744,µm,Spot,Position,1,228
623.215,915.858,349.369,µm,Spot,Position,1,229
638.318,910.376,351.259,µm,Spot,Position,1,230
583.684,928.992,357.264,µm,Spot,Position,1,231
599.63,926.743,359.756,µm,Spot,Position,1,232
615.049,923.242,362.21,µm,Spot,Position,1,233
630.845,918.267,364.093,µm,Spot,Position,1,234
590.518,932.63,372.536,µm,Spot,Position,1,235
606.615,929.605,374.874,µm,Spot,Position,1,236
622.305,925.275,376.903,µm,Spot,Position,1,237
638.046,919.045,378.781,µm,Spot,Position,1,238
580.21,936.714,384.523,µm,Spot,Position,1,239
597.124,933.729,387.457,µm,Spot,Position,1,240
612.911,930.199,390.157,µm,Spot,Position,1,241
629.453,924.805,391.237,µm,Spot,Position,1,242
586.572,937.517,400.009,µm,Spot,Position,1,243
603.341,933.771,402.448,µm,Spot,Position,1,244
619.947,928.777,404.36,µm,Spot,Position,1,245
636.128,922.644,405.684,µm,Spot,Position,1,246
652.735,902.387,351.548,µm,Spot,Position,1,247
666.457,893.223,352.293,µm,Spot,Position,1,248
674.355,893.354,365.446,µm,Spot,Position,1,249
660.536,903.241,365.414,µm,Spot,Position,1,250
646.371,911.525,365.39,µm,Spot,Position,1,251
681.767,892.546,378.75,µm,Spot,Position,1,252
667.955,902.113,379.33,µm,Spot,Position,1,253
653.599,911.351,379.174,µm,Spot,Position,1,254
688.189,889.812,392.602,µm,Spot,Position,1,255
645.368,917.681,392.575,µm,Spot,Position,1,256
674.991,900.518,392.974,µm,Spot,Position,1,257
660.6,909.61,393.035,µm,Spot,Position,1,258
694.927,886.33,405.626,µm,Spot,Position,1,259
681.248,896.875,406.64,µm,Spot,Position,1,260
651.825,915.124,406.906,µm,Spot,Position,1,261
667.33,906.544,406.962,µm,Spot,Position,1,262
379.093,94.8967,411.517,µm,Spot,Position,1,263
367.432,99.4411,421.558,µm,Spot,Position,1,264
356.754,105.147,432.776,µm,Spot,Position,1,265
370.485,97.1852,438.695,µm,Spot,Position,1,266
359.713,103.66,449.2,µm,Spot,Position,1,267
374.606,96.3172,455.132,µm,Spot,Position,1,268
363.879,103.716,465.617,µm,Spot,Position,1,269
379.824,96.5862,471.73,µm,Spot,Position,1,270
420.302,77.6862,411.375,µm,Spot,Position,1,271
436.123,72.6428,416.345,µm,Spot,Position,1,272
393.467,87.6382,417.104,µm,Spot,Position,1,273
409.239,80.7945,422.657,µm,Spot,Position,1,274
424.902,75.5722,427.414,µm,Spot,Position,1,275
382.082,91.7402,427.841,µm,Spot,Position,1,276
441.433,71.1472,432.279,µm,Spot,Position,1,277
397.291,85.3092,433.116,µm,Spot,Position,1,278
413.454,79.2597,438.836,µm,Spot,Position,1,279
430.375,74.4314,443.92,µm,Spot,Position,1,280
385.89,90.2132,444.384,µm,Spot,Position,1,281
401.988,84.1191,449.894,µm,Spot,Position,1,282
418.552,79.1419,455.319,µm,Spot,Position,1,283
436.039,75.3401,459.898,µm,Spot,Position,1,284
391.134,89.7355,460.75,µm,Spot,Position,1,285
407.714,84.6422,466.164,µm,Spot,Position,1,286
424.742,80.4006,471.31,µm,Spot,Position,1,287
463.937,67.0632,408.935,µm,Spot,Position,1,288
481.043,65.3581,412.841,µm,Spot,Position,1,289
498.113,64.8796,415.991,µm,Spot,Position,1,290
452.836,68.5334,420.623,µm,Spot,Position,1,291
470.103,66.2101,424.806,µm,Spot,Position,1,292
487.341,65.6298,428.158,µm,Spot,Position,1,293
504.102,65.9332,430.866,µm,Spot,Position,1,294
458.725,68.2156,436.393,µm,Spot,Position,1,295
476.359,66.8968,440.27,µm,Spot,Position,1,296
493.299,66.8969,443.185,µm,Spot,Position,1,297
447.36,71.08,448.431,µm,Spot,Position,1,298
465.029,69.2607,452.379,µm,Spot,Position,1,299
482.275,68.9221,455.752,µm,Spot,Position,1,300
499.825,69.244,458.197,µm,Spot,Position,1,301
453.651,72.8905,464.406,µm,Spot,Position,1,302
471.514,71.9616,467.918,µm,Spot,Position,1,303
488.684,72.066,470.631,µm,Spot,Position,1,304
559.541,72.43,408.655,µm,Spot,Position,1,305
515.034,65.4141,418.546,µm,Spot,Position,1,306
532.153,67.3768,420.494,µm,Spot,Position,1,307
549.181,70.3318,421.751,µm,Spot,Position,1,308
566.052,74.788,422.597,µm,Spot,Position,1,309
521.558,67.0653,432.933,µm,Spot,Position,1,310
538.741,69.5072,434.835,µm,Spot,Position,1,311
556.395,73.1338,435.779,µm,Spot,Position,1,312
573.17,78.3432,436.241,µm,Spot,Position,1,313
510.478,67.6099,445.667,µm,Spot,Position,1,314
527.84,69.6664,447.531,µm,Spot,Position,1,315
546.015,72.9229,448.984,µm,Spot,Position,1,316
562.994,77.3497,449.492,µm,Spot,Position,1,317
517.071,70.7346,460.055,µm,Spot,Position,1,318
534.877,73.703,461.704,µm,Spot,Position,1,319
552.197,77.5204,462.756,µm,Spot,Position,1,320
569.504,82.2576,463.127,µm,Spot,Position,1,321
606.851,91.5645,408.621,µm,Spot,Position,1,322
575.737,77.3999,409.226,µm,Spot,Position,1,323
591.494,83.8329,409.442,µm,Spot,Position,1,324
627.703,103.699,420.278,µm,Spot,Position,1,325
613.183,94.5581,421.664,µm,Spot,Position,1,326
582.727,80.3486,422.745,µm,Spot,Position,1,327
598.9,87.1418,422.476,µm,Spot,Position,1,328
619.999,99.4008,434.649,µm,Spot,Position,1,329
589.576,84.1734,435.977,µm,Spot,Position,1,330
605.165,91.0996,435.862,µm,Spot,Position,1,331
625.91,104.895,447.358,µm,Spot,Position,1,332
611.231,96.4392,448.851,µm,Spot,Position,1,333
579.341,82.625,449.836,µm,Spot,Position,1,334
595.266,89.0206,449.59,µm,Spot,Position,1,335
617.338,103.06,460.902,µm,Spot,Position,1,336
601.721,94.887,462.152,µm,Spot,Position,1,337
586.211,88.3844,463.179,µm,Spot,Position,1,338
284.573,165.577,408.688,µm,Spot,Position,1,339
294.82,153.136,416.301,µm,Spot,Position,1,340
306.206,141.941,422.487,µm,Spot,Position,1,341
283.863,162.121,424.396,µm,Spot,Position,1,342
295.375,150.455,432.069,µm,Spot,Position,1,343
307.532,139.578,438.994,µm,Spot,Position,1,344
284.896,159.7,440.265,µm,Spot,Position,1,345
296.148,148.976,447.925,µm,Spot,Position,1,346
274.468,170.329,447.658,µm,Spot,Position,1,347
309.443,138.341,454.962,µm,Spot,Position,1,348
286.017,158.661,455.913,µm,Spot,Position,1,349
298.705,147.959,463.866,µm,Spot,Position,1,350
275.701,169.73,463.62,µm,Spot,Position,1,351
312.2,138.141,471.206,µm,Spot,Position,1,352
287.991,159.028,471.745,µm,Spot,Position,1,353
340.65,117.835,410.056,µm,Spot,Position,1,354
317.499,134.229,413.488,µm,Spot,Position,1,355
353.882,108.128,416.213,µm,Spot,Position,1,356
329.531,123.901,419.896,µm,Spot,Position,1,357
342.688,114.042,426.472,µm,Spot,Position,1,358
318.423,131.197,429.762,µm,Spot,Position,1,359
331.512,121.156,436.474,µm,Spot,Position,1,360
345.131,111.693,443.15,µm,Spot,Position,1,361
320.343,129.28,445.924,µm,Spot,Position,1,362
334.045,119.741,453.135,µm,Spot,Position,1,363
348.799,111.139,459.275,µm,Spot,Position,1,364
322.943,128.613,462.426,µm,Spot,Position,1,365
337.503,119.768,469.209,µm,Spot,Position,1,366
634.229,108.412,432.969,µm,Spot,Position,1,367
632.272,111.662,459.375,µm,Spot,Position,1,368
637.544,118.913,471.119,µm,Spot,Position,1,369
681.212,163.416,410.419,µm,Spot,Position,1,370
673.647,148.233,412.949,µm,Spot,Position,1,371
664.382,135.701,414.573,µm,Spot,Position,1,372
653.089,123.964,416.545,µm,Spot,Position,1,373
640.419,112.779,418.275,µm,Spot,Position,1,374
687.772,170.318,420.232,µm,Spot,Position,1,375
680.61,155.166,423.544,µm,Spot,Position,1,376
670.643,141.115,426.679,µm,Spot,Position,1,377
659.57,128.93,429,µm,Spot,Position,1,378
646.973,118.201,431.283,µm,Spot,Position,1,379
686.354,162.693,434.434,µm,Spot,Position,1,380
676.764,148.327,437.951,µm,Spot,Position,1,381
666.016,136.303,441.01,µm,Spot,Position,1,382
653.096,124.406,443.392,µm,Spot,Position,1,383
691.773,170.795,444.558,µm,Spot,Position,1,384
639.951,114.281,445.465,µm,Spot,Position,1,385
682.648,156.456,448.642,µm,Spot,Position,1,386
671.523,143.514,452.125,µm,Spot,Position,1,387
659.415,132.01,455.056,µm,Spot,Position,1,388
646.427,121.462,457.592,µm,Spot,Position,1,389
687.821,165.62,458.509,µm,Spot,Position,1,390
677.134,152.738,462.285,µm,Spot,Position,1,391
664.923,140.565,465.744,µm,Spot,Position,1,392
651.916,129.342,468.551,µm,Spot,Position,1,393
682.369,162.338,472.11,µm,Spot,Position,1,394
250.487,212.321,424.374,µm,Spot,Position,1,395
247.217,209.643,437.752,µm,Spot,Position,1,396
241.107,223.152,440.597,µm,Spot,Position,1,397
234.222,235.743,448.423,µm,Spot,Position,1,398
246.233,207.82,452.944,µm,Spot,Position,1,399
238.593,221.533,457.859,µm,Spot,Position,1,400
231.338,235.931,462.543,µm,Spot,Position,1,401
246.423,207.484,468.145,µm,Spot,Position,1,402
267.954,190.036,408.549,µm,Spot,Position,1,403
258.752,201.006,415.869,µm,Spot,Position,1,404
273.992,175.526,416.396,µm,Spot,Position,1,405
264.928,185.939,423.97,µm,Spot,Position,1,406
255.592,197.078,431.457,µm,Spot,Position,1,407
273.75,172.344,432.207,µm,Spot,Position,1,408
263.819,183.489,439.419,µm,Spot,Position,1,409
254.927,195.287,446.919,µm,Spot,Position,1,410
264.76,181.971,455.307,µm,Spot,Position,1,411
255.4,194.112,462.223,µm,Spot,Position,1,412
266.045,181.932,470.776,µm,Spot,Position,1,413
693.393,178.441,430.568,µm,Spot,Position,1,414
698.136,186.611,439.48,µm,Spot,Position,1,415
702.632,196.417,449.029,µm,Spot,Position,1,416
696.871,180.263,453.867,µm,Spot,Position,1,417
700.759,190.015,463.18,µm,Spot,Position,1,418
692.67,175.686,467.801,µm,Spot,Position,1,419
704.172,201.676,471.85,µm,Spot,Position,1,420
705.535,206.117,458.741,µm,Spot,Position,1,421
227,248.794,467.205,µm,Spot,Position,1,422
773.062,744.858,463.728,µm,Spot,Position,1,423
772.457,734.188,472.932,µm,Spot,Position,1,424
750.003,816.705,410.595,µm,Spot,Position,1,425
759.781,792.98,417.7,µm,Spot,Position,1,426
755.63,809.927,421.473,µm,Spot,Position,1,427
766.13,772.617,427.65,µm,Spot,Position,1,428
764.496,786.328,428.522,µm,Spot,Position,1,429
760.534,802.298,432.528,µm,Spot,Position,1,430
753.601,817.618,435.718,µm,Spot,Position,1,431
768.864,778.716,440.389,µm,Spot,Position,1,432
764.39,793.918,443.7,µm,Spot,Position,1,433
757.859,809.529,446.861,µm,Spot,Position,1,434
767.547,784.338,454.175,µm,Spot,Position,1,435
761.202,799.91,457.738,µm,Spot,Position,1,436
753.296,814.545,460.596,µm,Spot,Position,1,437
763.976,790.066,467.787,µm,Spot,Position,1,438
756.177,804.678,471.153,µm,Spot,Position,1,439
769.257,762.831,437.923,µm,Spot,Position,1,440
771.295,767.691,449.797,µm,Spot,Position,1,441
772.263,755.906,456.271,µm,Spot,Position,1,442
769.973,773.681,463.371,µm,Spot,Position,1,443
771.596,761.834,470.803,µm,Spot,Position,1,444
314.908,844.634,450.209,µm,Spot,Position,1,445
306.094,831.795,454.259,µm,Spot,Position,1,446
315.183,846.136,465.601,µm,Spot,Position,1,447
304.981,833.481,469.22,µm,Spot,Position,1,448
361.558,881.159,409.957,µm,Spot,Position,1,449
340.756,860.504,411.471,µm,Spot,Position,1,450
349.926,873.47,417.896,µm,Spot,Position,1,451
337.678,863.627,424.626,µm,Spot,Position,1,452
361.004,884.177,425.317,µm,Spot,Position,1,453
327.307,852.854,428.478,µm,Spot,Position,1,454
348.913,875.883,432.809,µm,Spot,Position,1,455
317.122,842.793,436.159,µm,Spot,Position,1,456
336.964,866.592,439.673,µm,Spot,Position,1,457
325.411,855.943,444.79,µm,Spot,Position,1,458
349.499,877.985,448.003,µm,Spot,Position,1,459
337.165,868.26,454.798,µm,Spot,Position,1,460
325.982,857.716,460.456,µm,Spot,Position,1,461
350.64,878.184,463.432,µm,Spot,Position,1,462
338.7,868,470.081,µm,Spot,Position,1,463
700.722,881.93,418.72,µm,Spot,Position,1,464
698.921,881.257,445.713,µm,Spot,Position,1,465
704.065,874.267,458.139,µm,Spot,Position,1,466
694.563,877.607,471.731,µm,Spot,Position,1,467
743.135,831.17,412.067,µm,Spot,Position,1,468
734.208,844.802,413.772,µm,Spot,Position,1,469
724.068,858.194,415.595,µm,Spot,Position,1,470
712.922,870.578,417.353,µm,Spot,Position,1,471
748.426,825.191,424.14,µm,Spot,Position,1,472
739.4,839.272,426.247,µm,Spot,Position,1,473
730.201,851.975,428.104,µm,Spot,Position,1,474
718.73,864.488,430.072,µm,Spot,Position,1,475
706.199,876.95,431.541,µm,Spot,Position,1,476
744.178,831.923,438.195,µm,Spot,Position,1,477
734.75,845.058,440.532,µm,Spot,Position,1,478
724.175,858.09,442.293,µm,Spot,Position,1,479
712.048,870.128,444.165,µm,Spot,Position,1,480
748.707,824.223,449.766,µm,Spot,Position,1,481
739.33,837.546,452.259,µm,Spot,Position,1,482
728.63,851.013,454.563,µm,Spot,Position,1,483
716.667,862.604,456.426,µm,Spot,Position,1,484
743.479,828.782,463.713,µm,Spot,Position,1,485
732.778,842.064,465.836,µm,Spot,Position,1,486
721.165,854.809,468.388,µm,Spot,Position,1,487
708.354,866.977,470.478,µm,Spot,Position,1,488
374.071,891.67,417.254,µm,Spot,Position,1,489
374.357,893.804,432.712,µm,Spot,Position,1,490
361.662,886.262,440.831,µm,Spot,Position,1,491
375.705,895.47,448.284,µm,Spot,Position,1,492
363.328,887.462,456.322,µm,Spot,Position,1,493
378.668,896.01,464.075,µm,Spot,Position,1,494
365.783,887.099,471.542,µm,Spot,Position,1,495
385.909,897.213,408,µm,Spot,Position,1,496
425.144,917.642,411.169,µm,Spot,Position,1,497
398.681,905.263,414.707,µm,Spot,Position,1,498
440.134,923.634,417.37,µm,Spot,Position,1,499
412.836,913.334,420.904,µm,Spot,Position,1,500
386.556,900.154,423.88,µm,Spot,Position,1,501
428.047,920.255,427.415,µm,Spot,Position,1,502
400.818,908.472,430.488,µm,Spot,Position,1,503
444.209,926.023,433.59,µm,Spot,Position,1,504
415.335,915.593,437.207,µm,Spot,Position,1,505
388.185,902.33,439.704,µm,Spot,Position,1,506
431.375,921.675,443.596,µm,Spot,Position,1,507
403.539,910.036,446.429,µm,Spot,Position,1,508
418.871,916.446,453.074,µm,Spot,Position,1,509
390.919,903.349,455.505,µm,Spot,Position,1,510
435.164,921.869,459.707,µm,Spot,Position,1,511
406.671,910.188,462.414,µm,Spot,Position,1,512
422.57,915.686,469.105,µm,Spot,Position,1,513
394.378,902.916,471.169,µm,Spot,Position,1,514
467.916,931.775,412.483,µm,Spot,Position,1,515
484.784,936.413,417.965,µm,Spot,Position,1,516
501.411,939.607,422.771,µm,Spot,Position,1,517
456.148,929.324,423.27,µm,Spot,Position,1,518
472.102,934.002,428.523,µm,Spot,Position,1,519
489.264,937.541,433.795,µm,Spot,Position,1,520
460.059,930.821,439.016,µm,Spot,Position,1,521
506.342,940.106,438.626,µm,Spot,Position,1,522
476.753,934.995,444.588,µm,Spot,Position,1,523
447.617,926.812,449.49,µm,Spot,Position,1,524
494.15,937.737,449.885,µm,Spot,Position,1,525
464.605,930.822,455.62,µm,Spot,Position,1,526
482.254,934.115,460.655,µm,Spot,Position,1,527
452.235,926.229,465.531,µm,Spot,Position,1,528
499.713,936.136,465.772,µm,Spot,Position,1,529
469.306,929.763,471.334,µm,Spot,Position,1,530
558.757,941.103,408.404,µm,Spot,Position,1,531
512.988,940.382,411.74,µm,Spot,Position,1,532
530.044,942.023,415.952,µm,Spot,Position,1,533
547.516,941.853,419.944,µm,Spot,Position,1,534
565.107,940.75,423.937,µm,Spot,Position,1,535
518.547,941.421,427.645,µm,Spot,Position,1,536
536.071,941.937,431.692,µm,Spot,Position,1,537
553.424,941.217,435.739,µm,Spot,Position,1,538
571.401,938.885,439.215,µm,Spot,Position,1,539
523.979,941.054,443.175,µm,Spot,Position,1,540
541.915,940.716,447.6,µm,Spot,Position,1,541
560.013,938.682,451.43,µm,Spot,Position,1,542
511.864,939.121,454.811,µm,Spot,Position,1,543
529.731,939.109,459.215,µm,Spot,Position,1,544
548.222,937.832,463.132,µm,Spot,Position,1,545
566.074,934.72,466.49,µm,Spot,Position,1,546
517.607,936.751,470.584,µm,Spot,Position,1,547
576.022,939.367,412.428,µm,Spot,Position,1,548
592.42,936.334,414.886,µm,Spot,Position,1,549
609.518,932.242,417.156,µm,Spot,Position,1,550
626.591,926.355,418.77,µm,Spot,Position,1,551
582.475,937.819,427.156,µm,Spot,Position,1,552
598.9,934.443,429.466,µm,Spot,Position,1,553
615.975,929.436,431.335,µm,Spot,Position,1,554
632.908,922.739,432.752,µm,Spot,Position,1,555
588.189,935.482,441.889,µm,Spot,Position,1,556
605.489,930.701,444.338,µm,Spot,Position,1,557
621.839,925.092,445.781,µm,Spot,Position,1,558
638.878,918.149,446.599,µm,Spot,Position,1,559
576.963,935.368,454.197,µm,Spot,Position,1,560
594.101,931.326,456.648,µm,Spot,Position,1,561
627.849,919.958,459.316,µm,Spot,Position,1,562
610.91,926.198,458.492,µm,Spot,Position,1,563
582.442,931.178,468.751,µm,Spot,Position,1,564
600.016,926.5,471,µm,Spot,Position,1,565
617.113,920.593,472.244,µm,Spot,Position,1,566
687.741,892.429,419.491,µm,Spot,Position,1,567
642.608,919.675,419.629,µm,Spot,Position,1,568
673.66,902.52,420.071,µm,Spot,Position,1,569
658.453,911.457,420.218,µm,Spot,Position,1,570
692.873,887.819,432.831,µm,Spot,Position,1,571
678.767,897.958,433.366,µm,Spot,Position,1,572
664.22,906.994,433.589,µm,Spot,Position,1,573
648.86,915.218,433.505,µm,Spot,Position,1,574
684.575,891.95,446.676,µm,Spot,Position,1,575
670.211,901.156,447.102,µm,Spot,Position,1,576
654.797,910.005,447.087,µm,Spot,Position,1,577
689.981,885.163,459.396,µm,Spot,Position,1,578
675.44,894.749,459.98,µm,Spot,Position,1,579
660.271,903.948,460.466,µm,Spot,Position,1,580
644.811,912.353,460.213,µm,Spot,Position,1,581
680.336,887.835,472.334,µm,Spot,Position,1,582
368.584,104.449,481.937,µm,Spot,Position,1,583
374.231,106.073,497.335,µm,Spot,Position,1,584
442.352,77.3477,475.491,µm,Spot,Position,1,585
396.439,90.7067,476.99,µm,Spot,Position,1,586
413.395,86.1855,482.435,µm,Spot,Position,1,587
431.4,82.7225,486.636,µm,Spot,Position,1,588
385.465,98.0201,487.348,µm,Spot,Position,1,589
402.427,92.9411,492.659,µm,Spot,Position,1,590
419.675,89.2396,497.819,µm,Spot,Position,1,591
437.822,86.5438,501.658,µm,Spot,Position,1,592
391.185,100.792,503.054,µm,Spot,Position,1,593
408.652,96.6102,508.27,µm,Spot,Position,1,594
426.467,93.3343,512.915,µm,Spot,Position,1,595
444.965,91.7243,516.449,µm,Spot,Position,1,596
397.369,104.621,518.459,µm,Spot,Position,1,597
415.506,100.822,522.749,µm,Spot,Position,1,598
433.588,98.4574,527.222,µm,Spot,Position,1,599
422.469,106.595,537.29,µm,Spot,Position,1,600
506.535,73.2022,472.881,µm,Spot,Position,1,601
460.267,75.9307,479.519,µm,Spot,Position,1,602
477.703,75.6202,482.314,µm,Spot,Position,1,603
495.429,76.2635,485.131,µm,Spot,Position,1,604
449.131,80.6298,490.657,µm,Spot,Position,1,605
467.018,80.1535,494.093,µm,Spot,Position,1,606
484.178,80.3865,496.989,µm,Spot,Position,1,607
502.16,81.5241,499.11,µm,Spot,Position,1,608
455.865,85.189,505.79,µm,Spot,Position,1,609
473.31,85.3663,508.402,µm,Spot,Position,1,610
491.01,85.8859,510.413,µm,Spot,Position,1,611
508.807,87.8698,512.269,µm,Spot,Position,1,612
462.785,91.1872,519.804,µm,Spot,Position,1,613
480.07,91.3834,522.15,µm,Spot,Position,1,614
498.103,92.6684,523.86,µm,Spot,Position,1,615
452.062,97.635,530.107,µm,Spot,Position,1,616
469.285,97.6581,532.893,µm,Spot,Position,1,617
487.247,98.4807,535.079,µm,Spot,Position,1,618
505.166,100.464,536.348,µm,Spot,Position,1,619
524.23,75.3088,474.284,µm,Spot,Position,1,620
541.671,78.5546,475.569,µm,Spot,Position,1,621
559.139,83.1507,476.309,µm,Spot,Position,1,622
513.074,77.6739,486.643,µm,Spot,Position,1,623
530.566,80.85,487.81,µm,Spot,Position,1,624
548.112,84.6882,488.842,µm,Spot,Position,1,625
565.269,89.6549,488.998,µm,Spot,Position,1,626
519.835,83.8267,500.277,µm,Spot,Position,1,627
537.834,87.1677,501.477,µm,Spot,Position,1,628
555.044,91.6036,501.654,µm,Spot,Position,1,629
571.675,96.8621,501.26,µm,Spot,Position,1,630
526.771,90.5315,513.606,µm,Spot,Position,1,631
544.404,94.3176,514.014,µm,Spot,Position,1,632
561.713,99.4595,513.775,µm,Spot,Position,1,633
515.677,94.9927,524.713,µm,Spot,Position,1,634
533.491,98.6743,525.746,µm,Spot,Position,1,635
550.52,102.944,525.599,µm,Spot,Position,1,636
522.924,103.327,537.339,µm,Spot,Position,1,637
607.915,101.759,474.651,µm,Spot,Position,1,638
592.29,94.718,475.508,µm,Spot,Position,1,639
575.822,88.3901,476.262,µm,Spot,Position,1,640
598.435,101.994,487.515,µm,Spot,Position,1,641
582.284,95.5015,488.886,µm,Spot,Position,1,642
588.212,103.152,500.209,µm,Spot,Position,1,643
578.095,105.07,512.715,µm,Spot,Position,1,644
301.676,148.133,479.527,µm,Spot,Position,1,645
278.197,170.637,479.144,µm,Spot,Position,1,646
291.36,159.78,487.186,µm,Spot,Position,1,647
305.276,149.497,494.834,µm,Spot,Position,1,648
280.998,171.452,494.495,µm,Spot,Position,1,649
294.946,161.21,502.801,µm,Spot,Position,1,650
309.978,151.437,510.55,µm,Spot,Position,1,651
299.96,163.511,517.871,µm,Spot,Position,1,652
315.264,154.534,525.446,µm,Spot,Position,1,653
305.238,166.772,532.526,µm,Spot,Position,1,654
352.537,111.567,475.643,µm,Spot,Position,1,655
326.473,128.933,478.313,µm,Spot,Position,1,656
341.493,120.68,485.325,µm,Spot,Position,1,657
315.773,138.651,487.294,µm,Spot,Position,1,658
357.416,112.55,491.607,µm,Spot,Position,1,659
330.87,130.202,494.045,µm,Spot,Position,1,660
346.492,121.809,500.843,µm,Spot,Position,1,661
320.369,140.463,502.526,µm,Spot,Position,1,662
363.498,114.949,507.203,µm,Spot,Position,1,663
336.066,131.848,509.792,µm,Spot,Position,1,664
380.186,109.06,512.678,µm,Spot,Position,1,665
352.363,124.103,515.958,µm,Spot,Position,1,666
325.208,142.797,517.977,µm,Spot,Position,1,667
368.911,118.75,522.444,µm,Spot,Position,1,668
341.411,135.059,524.736,µm,Spot,Position,1,669
358.326,128.073,531.174,µm,Spot,Position,1,670
331.129,146.375,532.814,µm,Spot,Position,1,671
375.578,122.876,537.004,µm,Spot,Position,1,672
386.059,113.436,528.061,µm,Spot,Position,1,673
404.092,109.365,533.118,µm,Spot,Position,1,674
567.859,108.682,525.319,µm,Spot,Position,1,675
574.067,117.834,535.962,µm,Spot,Position,1,676
557.242,112.064,536.824,µm,Spot,Position,1,677
622.926,110.087,472.851,µm,Spot,Position,1,678
629.051,118.207,484.108,µm,Spot,Position,1,679
614.236,109.582,486.233,µm,Spot,Position,1,680
635.19,127.557,495.227,µm,Spot,Position,1,681
619.847,118.309,497.288,µm,Spot,Position,1,682
604.973,110.371,499.491,µm,Spot,Position,1,683
625.893,127.923,507.723,µm,Spot,Position,1,684
610.556,119.738,510.155,µm,Spot,Position,1,685
594.704,111.715,511.795,µm,Spot,Position,1,686
631.277,137.921,517.71,µm,Spot,Position,1,687
616.373,129.949,520.231,µm,Spot,Position,1,688
600.746,121.6,522.677,µm,Spot,Position,1,689
584.268,114.128,523.97,µm,Spot,Position,1,690
636.163,148.396,526.819,µm,Spot,Position,1,691
621.723,140.006,529.91,µm,Spot,Position,1,692
606.71,131.728,532.305,µm,Spot,Position,1,693
590.533,124.031,534.309,µm,Spot,Position,1,694
670.558,149.826,476.124,µm,Spot,Position,1,695
657.308,138.123,479.2,µm,Spot,Position,1,696
643.922,127.97,481.987,µm,Spot,Position,1,697
675.1,159.786,485.371,µm,Spot,Position,1,698
662.534,148.044,489.207,µm,Spot,Position,1,699
649.021,137.294,492.207,µm,Spot,Position,1,700
679.58,169.8,494.345,µm,Spot,Position,1,701
667.328,158.336,498.343,µm,Spot,Position,1,702
654.274,147.301,501.778,µm,Spot,Position,1,703
639.976,137.402,505.052,µm,Spot,Position,1,704
671.523,168.831,507.234,µm,Spot,Position,1,705
659.158,157.64,510.889,µm,Spot,Position,1,706
645.326,147.433,514.521,µm,Spot,Position,1,707
663.347,168.747,519.565,µm,Spot,Position,1,708
650.38,158.32,523.52,µm,Spot,Position,1,709
655.065,169.561,531.77,µm,Spot,Position,1,710
641.187,159.496,535.25,µm,Spot,Position,1,711
238.508,221.076,473.468,µm,Spot,Position,1,712
231.019,235.056,478.42,µm,Spot,Position,1,713
248.185,207.047,483.594,µm,Spot,Position,1,714
239.902,220.737,488.66,µm,Spot,Position,1,715
232.342,235.268,493.528,µm,Spot,Position,1,716
250.527,208.222,498.513,µm,Spot,Position,1,717
242.199,222.081,503.921,µm,Spot,Position,1,718
234.948,236.446,508.927,µm,Spot,Position,1,719
245.494,224.719,518.819,µm,Spot,Position,1,720
250.332,227.645,533.662,µm,Spot,Position,1,721
256.562,194.39,477.509,µm,Spot,Position,1,722
268.244,182.177,486.406,µm,Spot,Position,1,723
259.206,194.544,492.641,µm,Spot,Position,1,724
271.816,183.85,501.3,µm,Spot,Position,1,725
262.491,196.885,507.739,µm,Spot,Position,1,726
285.168,173.658,509.719,µm,Spot,Position,1,727
253.468,210.505,513.79,µm,Spot,Position,1,728
275.676,186.332,516.653,µm,Spot,Position,1,729
266.887,199.168,522.619,µm,Spot,Position,1,730
289.744,176.101,524.984,µm,Spot,Position,1,731
257.669,213.018,528.197,µm,Spot,Position,1,732
280.906,189.079,531.502,µm,Spot,Position,1,733
696.752,186.261,476.955,µm,Spot,Position,1,734
686.951,172.195,481.41,µm,Spot,Position,1,735
699.798,197.338,484.78,µm,Spot,Position,1,736
690.545,183.086,489.94,µm,Spot,Position,1,737
702.799,209.66,491.235,µm,Spot,Position,1,738
694.575,194.604,497.833,µm,Spot,Position,1,739
683.646,180.92,502.541,µm,Spot,Position,1,740
697.409,206.99,504.555,µm,Spot,Position,1,741
703.877,234.342,504.257,µm,Spot,Position,1,742
687.666,192.514,510.832,µm,Spot,Position,1,743
699.802,219.688,510.848,µm,Spot,Position,1,744
676.427,180.203,515.023,µm,Spot,Position,1,745
700.036,233.68,516.804,µm,Spot,Position,1,746
690.931,204.504,517.577,µm,Spot,Position,1,747
680.259,191.664,522.848,µm,Spot,Position,1,748
693.557,217.02,523.58,µm,Spot,Position,1,749
667.439,180.118,527.376,µm,Spot,Position,1,750
694.823,230.167,528.889,µm,Spot,Position,1,751
683.88,203.458,530.174,µm,Spot,Position,1,752
672.094,191.837,534.903,µm,Spot,Position,1,753
686.529,216.076,536.001,µm,Spot,Position,1,754
706.115,214.353,476.316,µm,Spot,Position,1,755
707.125,225.567,485.13,µm,Spot,Position,1,756
704.699,223.024,497.291,µm,Spot,Position,1,757
225.268,251.605,482.316,µm,Spot,Position,1,758
226.235,249.78,497.052,µm,Spot,Position,1,759
222.481,264.462,499.693,µm,Spot,Position,1,760
228.324,252.444,512.535,µm,Spot,Position,1,761
223.733,268.396,514.899,µm,Spot,Position,1,762
238.523,239.488,523.241,µm,Spot,Position,1,763
232.281,254.698,527.337,µm,Spot,Position,1,764
227.065,271.49,529.238,µm,Spot,Position,1,765
694.579,242.455,532.47,µm,Spot,Position,1,766
768.986,754.922,492.239,µm,Spot,Position,1,767
768.618,742.292,498.725,µm,Spot,Position,1,768
767.388,728.884,503.888,µm,Spot,Position,1,769
763.783,717.487,509.827,µm,Spot,Position,1,770
763.831,746.532,511.695,µm,Spot,Position,1,771
762.743,733.042,517.509,µm,Spot,Position,1,772
760.203,719.135,522.206,µm,Spot,Position,1,773
758.017,749.362,523.623,µm,Spot,Position,1,774
757.152,736.378,529.399,µm,Spot,Position,1,775
755.785,722.416,534.327,µm,Spot,Position,1,776
750.298,751.754,535.931,µm,Spot,Position,1,777
772.408,750.314,478.482,µm,Spot,Position,1,778
771.602,737.342,485.3,µm,Spot,Position,1,779
769.207,725.008,491.032,µm,Spot,Position,1,780
296.437,818.765,488.371,µm,Spot,Position,1,781
291.347,807.051,505.273,µm,Spot,Position,1,782
301.064,817.368,518.688,µm,Spot,Position,1,783
292.841,802.839,520.841,µm,Spot,Position,1,784
304.545,812.654,532.775,µm,Spot,Position,1,785
296.148,797.698,535.086,µm,Spot,Position,1,786
746.919,818.9,474.134,µm,Spot,Position,1,787
766.308,778.314,476.503,µm,Spot,Position,1,788
758.549,794.425,480.82,µm,Spot,Position,1,789
749.958,808.812,484.323,µm,Spot,Position,1,790
767.94,767.096,484.903,µm,Spot,Position,1,791
761.152,782.656,489.339,µm,Spot,Position,1,792
752.374,797.952,493.606,µm,Spot,Position,1,793
762.619,771.468,497.683,µm,Spot,Position,1,794
742.456,812.085,497.292,µm,Spot,Position,1,795
754.116,786.343,501.971,µm,Spot,Position,1,796
763.748,759.232,504.951,µm,Spot,Position,1,797
744.76,801.103,506.552,µm,Spot,Position,1,798
734.48,814.384,509.943,µm,Spot,Position,1,799
755.653,774.715,510.297,µm,Spot,Position,1,800
746.882,788.615,514.35,µm,Spot,Position,1,801
757.081,762.23,517.197,µm,Spot,Position,1,802
736.59,802.963,518.876,µm,Spot,Position,1,803
725.976,815.396,522.101,µm,Spot,Position,1,804
748.474,776.949,522.43,µm,Spot,Position,1,805
738.979,790.591,526.557,µm,Spot,Position,1,806
749.642,764.674,529.677,µm,Spot,Position,1,807
727.958,803.701,530.732,µm,Spot,Position,1,808
740.417,778.176,534.705,µm,Spot,Position,1,809
716.12,816.045,534.545,µm,Spot,Position,1,810
297.242,820.976,473.688,µm,Spot,Position,1,811
305.965,834.4,485.224,µm,Spot,Position,1,812
308.436,833.25,500.134,µm,Spot,Position,1,813
298.719,820.656,503.498,µm,Spot,Position,1,814
310.999,830.682,515.358,µm,Spot,Position,1,815
314.307,826.42,529.537,µm,Spot,Position,1,816
327.225,857.851,475.547,µm,Spot,Position,1,817
353.705,877.789,478.732,µm,Spot,Position,1,818
316.417,846.398,480.57,µm,Spot,Position,1,819
341.579,867.749,485.002,µm,Spot,Position,1,820
329.501,856.761,490.735,µm,Spot,Position,1,821
356.35,876.246,493.855,µm,Spot,Position,1,822
318.663,845.237,495.534,µm,Spot,Position,1,823
344.548,865.667,500.195,µm,Spot,Position,1,824
372.111,883.123,501.983,µm,Spot,Position,1,825
332.874,854.348,505.514,µm,Spot,Position,1,826
360.308,873.863,508.908,µm,Spot,Position,1,827
321.412,842.815,510.671,µm,Spot,Position,1,828
347.871,862.525,514.714,µm,Spot,Position,1,829
376.256,879.864,516.78,µm,Spot,Position,1,830
336.44,851.364,520.393,µm,Spot,Position,1,831
364.035,869.764,523.567,µm,Spot,Position,1,832
325.171,839.397,525.365,µm,Spot,Position,1,833
351.75,858.815,529.646,µm,Spot,Position,1,834
340.345,847.489,535.107,µm,Spot,Position,1,835
380.769,875.952,531.682,µm,Spot,Position,1,836
699.917,869.268,483.728,µm,Spot,Position,1,837
685.534,879.846,484.915,µm,Spot,Position,1,838
704.032,860.13,494.848,µm,Spot,Position,1,839
689.938,870.951,496.939,µm,Spot,Position,1,840
675.534,881.009,498.204,µm,Spot,Position,1,841
694.184,861.725,507.919,µm,Spot,Position,1,842
680.093,871.551,509.346,µm,Spot,Position,1,843
665.035,881.529,510.528,µm,Spot,Position,1,844
697.887,850.804,518.642,µm,Spot,Position,1,845
684.118,861.52,520.293,µm,Spot,Position,1,846
669.839,872.087,522.184,µm,Spot,Position,1,847
654.57,881.17,523.4,µm,Spot,Position,1,848
701.092,839.68,528.519,µm,Spot,Position,1,849
688.066,851.002,531.015,µm,Spot,Position,1,850
673.42,861.356,532.543,µm,Spot,Position,1,851
659.33,871.129,534.272,µm,Spot,Position,1,852
643.625,880.216,535.341,µm,Spot,Position,1,853
704.011,828.022,537.43,µm,Spot,Position,1,854
736.142,833.014,477.074,µm,Spot,Position,1,855
725.146,845.698,479.51,µm,Spot,Position,1,856
712.681,857.553,481.745,µm,Spot,Position,1,857
739.614,823.214,487.367,µm,Spot,Position,1,858
728.361,836.185,490.401,µm,Spot,Position,1,859
716.661,848.324,492.663,µm,Spot,Position,1,860
731.676,824.899,500.088,µm,Spot,Position,1,861
720.107,837.804,503.417,µm,Spot,Position,1,862
707.982,850.058,505.881,µm,Spot,Position,1,863
722.865,826.938,512.723,µm,Spot,Position,1,864
710.95,839.325,515.823,µm,Spot,Position,1,865
713.92,827.569,525.434,µm,Spot,Position,1,866
369.093,885.734,487,µm,Spot,Position,1,867
439.399,920.709,475.515,µm,Spot,Position,1,868
410.507,909.009,478.191,µm,Spot,Position,1,869
381.706,895.024,479.522,µm,Spot,Position,1,870
427.021,914.194,484.556,µm,Spot,Position,1,871
397.65,900.973,486.536,µm,Spot,Position,1,872
444.523,918.471,491.015,µm,Spot,Position,1,873
414.642,906.984,493.418,µm,Spot,Position,1,874
385.01,892.31,494.897,µm,Spot,Position,1,875
431.871,911.322,500.169,µm,Spot,Position,1,876
401.453,898.325,501.924,µm,Spot,Position,1,877
388.694,889.458,509.901,µm,Spot,Position,1,878
419.205,903.281,509.144,µm,Spot,Position,1,879
436.608,907.343,515.041,µm,Spot,Position,1,880
406.37,894.91,516.66,µm,Spot,Position,1,881
423.839,898.983,523.359,µm,Spot,Position,1,882
393.064,885.385,524.659,µm,Spot,Position,1,883
441.517,902.293,529.804,µm,Spot,Position,1,884
410.69,890.142,531.58,µm,Spot,Position,1,885
487.325,932.26,476.263,µm,Spot,Position,1,886
456.971,924.51,481.513,µm,Spot,Position,1,887
505.173,933.402,481.545,µm,Spot,Position,1,888
474.85,927.128,487.012,µm,Spot,Position,1,889
492.253,928.972,492.406,µm,Spot,Position,1,890
461.853,921.471,496.853,µm,Spot,Position,1,891
479.732,923.651,502.518,µm,Spot,Position,1,892
449.477,914.584,506.368,µm,Spot,Position,1,893
498.479,924.233,507.075,µm,Spot,Position,1,894
467.201,917.288,511.897,µm,Spot,Position,1,895
485.515,918.544,517.292,µm,Spot,Position,1,896
454.39,910.289,520.993,µm,Spot,Position,1,897
503.998,918.69,521.922,µm,Spot,Position,1,898
472.982,912.062,526.474,µm,Spot,Position,1,899
491.39,912.589,531.787,µm,Spot,Position,1,900
459.718,904.602,535.875,µm,Spot,Position,1,901
536.218,935.955,474.668,µm,Spot,Position,1,902
554.055,933.693,478.212,µm,Spot,Position,1,903
571.386,929.914,480.958,µm,Spot,Position,1,904
523.463,933.262,485.578,µm,Spot,Position,1,905
541.726,931.531,489.703,µm,Spot,Position,1,906
559.671,928.319,492.535,µm,Spot,Position,1,907
510.994,929.444,496.665,µm,Spot,Position,1,908
529.291,928.255,500.726,µm,Spot,Position,1,909
547.793,925.418,504.234,µm,Spot,Position,1,910
564.987,922.137,506.52,µm,Spot,Position,1,911
516.598,923.736,511.739,µm,Spot,Position,1,912
535.485,921.632,515.455,µm,Spot,Position,1,913
553.599,918.423,518.257,µm,Spot,Position,1,914
570.701,914.542,520.685,µm,Spot,Position,1,915
522.798,917.156,525.617,µm,Spot,Position,1,916
541.312,914.359,529.387,µm,Spot,Position,1,917
558.851,911.207,531.091,µm,Spot,Position,1,918
510.301,911.819,535.455,µm,Spot,Position,1,919
633.543,913.854,472.972,µm,Spot,Position,1,920
588.715,925.843,483.409,µm,Spot,Position,1,921
606.037,920.615,485.054,µm,Spot,Position,1,922
639.339,907.058,486.424,µm,Spot,Position,1,923
622.862,914.215,485.888,µm,Spot,Position,1,924
576.702,924.514,495.117,µm,Spot,Position,1,925
594.365,919.479,497.169,µm,Spot,Position,1,926
611.838,913.532,498.563,µm,Spot,Position,1,927
628.872,906.566,499.133,µm,Spot,Position,1,928
582.448,917.557,509.125,µm,Spot,Position,1,929
599.99,912.081,510.348,µm,Spot,Position,1,930
634.067,898.624,511.92,µm,Spot,Position,1,931
616.921,905.905,511.198,µm,Spot,Position,1,932
587.895,910.056,521.846,µm,Spot,Position,1,933
605.553,904.122,523.098,µm,Spot,Position,1,934
638.683,889.747,523.671,µm,Spot,Position,1,935
622.692,897.214,523.963,µm,Spot,Position,1,936
576.342,906.356,533.577,µm,Spot,Position,1,937
610.846,895.062,535.318,µm,Spot,Position,1,938
593.533,901.087,534.703,µm,Spot,Position,1,939
627.295,887.922,535.776,µm,Spot,Position,1,940
665.56,897.069,473.255,µm,Spot,Position,1,941
650.119,906.07,473.365,µm,Spot,Position,1,942
670.532,889.826,485.744,µm,Spot,Position,1,943
655.648,898.401,486.467,µm,Spot,Position,1,944
660.365,890.067,498.953,µm,Spot,Position,1,945
644.676,898.843,499.219,µm,Spot,Position,1,946
649.893,890.167,511.464,µm,Spot,Position,1,947
441.043,105.17,540.521,µm,Spot,Position,1,948
458.961,104.882,543.462,µm,Spot,Position,1,949
476.335,104.826,545.365,µm,Spot,Position,1,950
494.367,106.542,547.386,µm,Spot,Position,1,951
310.118,171.082,547.263,µm,Spot,Position,1,952
347.554,139.188,539.314,µm,Spot,Position,1,953
320.308,158.305,540.061,µm,Spot,Position,1,954
364.687,133.167,545.315,µm,Spot,Position,1,955
336.838,151.3,546.97,µm,Spot,Position,1,956
353.688,144.84,553.482,µm,Spot,Position,1,957
326.608,163.397,554.089,µm,Spot,Position,1,958
371.643,139.225,559.218,µm,Spot,Position,1,959
343.496,156.381,561.074,µm,Spot,Position,1,960
360.956,150.672,566.891,µm,Spot,Position,1,961
333.689,168.993,567.837,µm,Spot,Position,1,962
378.853,145.483,572.359,µm,Spot,Position,1,963
350.536,162.643,574.384,µm,Spot,Position,1,964
368.045,157.48,580.253,µm,Spot,Position,1,965
357.883,169.829,587.175,µm,Spot,Position,1,966
375.291,165.381,593.219,µm,Spot,Position,1,967
392.951,118.534,542.333,µm,Spot,Position,1,968
411.659,115.298,546.507,µm,Spot,Position,1,969
429.914,112.94,550.342,µm,Spot,Position,1,970
382.097,128.764,551.052,µm,Spot,Position,1,971
400.31,124.921,555.906,µm,Spot,Position,1,972
418.658,121.86,560.193,µm,Spot,Position,1,973
437.511,120.889,563.882,µm,Spot,Position,1,974
389.367,134.99,564.342,µm,Spot,Position,1,975
407.615,131.919,569.119,µm,Spot,Position,1,976
426.202,129.891,573.172,µm,Spot,Position,1,977
444.586,128.759,575.766,µm,Spot,Position,1,978
396.459,142.101,577.373,µm,Spot,Position,1,979
415.187,139.312,581.604,µm,Spot,Position,1,980
433.852,138.36,585.054,µm,Spot,Position,1,981
385.702,152.958,585.782,µm,Spot,Position,1,982
404.322,150.283,590.237,µm,Spot,Position,1,983
422.781,148.034,593.853,µm,Spot,Position,1,984
441.325,147.209,596.598,µm,Spot,Position,1,985
393.546,161.579,597.537,µm,Spot,Position,1,986
412.154,158.695,601.65,µm,Spot,Position,1,987
448.409,111.869,553.517,µm,Spot,Position,1,988
465.684,112.635,556.121,µm,Spot,Position,1,989
483.514,113.895,557.739,µm,Spot,Position,1,990
501.271,115.97,558.788,µm,Spot,Position,1,991
455.552,121.016,565.949,µm,Spot,Position,1,992
472.759,121.154,567.436,µm,Spot,Position,1,993
490.658,122.703,569.443,µm,Spot,Position,1,994
508.311,125.202,569.896,µm,Spot,Position,1,995
462.061,129.236,577.359,µm,Spot,Position,1,996
479.835,130.248,579.271,µm,Spot,Position,1,997
497.729,132.278,580.248,µm,Spot,Position,1,998
451.725,137.951,587.563,µm,Spot,Position,1,999
469.285,138.077,588.889,µm,Spot,Position,1,1000
487.057,140.003,590.565,µm,Spot,Position,1,1001
505.527,142.049,590.766,µm,Spot,Position,1,1002
459.154,147.667,598.254,µm,Spot,Position,1,1003
476.792,148.179,599.884,µm,Spot,Position,1,1004
494.948,150.128,600.806,µm,Spot,Position,1,1005
540.339,107.451,537.78,µm,Spot,Position,1,1006
564.052,121.839,547.37,µm,Spot,Position,1,1007
511.978,109.05,547.973,µm,Spot,Position,1,1008
529.681,112.632,548.465,µm,Spot,Position,1,1009
547.029,116.936,548.155,µm,Spot,Position,1,1010
570.171,132.426,556.993,µm,Spot,Position,1,1011
553.775,126.963,558.47,µm,Spot,Position,1,1012
519.235,118.666,559.359,µm,Spot,Position,1,1013
536.404,122.261,559.013,µm,Spot,Position,1,1014
560.174,137.6,567.97,µm,Spot,Position,1,1015
543.773,132.683,569.556,µm,Spot,Position,1,1016
525.708,128.457,569.884,µm,Spot,Position,1,1017
567.011,148.997,577.4,µm,Spot,Position,1,1018
550.094,143.521,578.917,µm,Spot,Position,1,1019
515.656,134.758,580.736,µm,Spot,Position,1,1020
532.967,138.598,580.005,µm,Spot,Position,1,1021
573.181,160.449,585.608,µm,Spot,Position,1,1022
556.943,155.23,588.159,µm,Spot,Position,1,1023
540.065,149.428,589.497,µm,Spot,Position,1,1024
522.863,145.339,590.622,µm,Spot,Position,1,1025
563.014,166.938,596.172,µm,Spot,Position,1,1026
546.779,161.511,598.433,µm,Spot,Position,1,1027
530.004,156.494,599.696,µm,Spot,Position,1,1028
512.827,153.051,600.807,µm,Spot,Position,1,1029
626.508,150.775,538.502,µm,Spot,Position,1,1030
611.922,142.728,541.956,µm,Spot,Position,1,1031
596.604,134.998,544.044,µm,Spot,Position,1,1032
580.415,127.958,545.955,µm,Spot,Position,1,1033
632.003,162.125,547.128,µm,Spot,Position,1,1034
617.047,153.558,550.116,µm,Spot,Position,1,1035
602.09,146.091,553.173,µm,Spot,Position,1,1036
586.373,138.625,555.042,µm,Spot,Position,1,1037
622.801,165.289,558.274,µm,Spot,Position,1,1038
607.69,157.534,561.319,µm,Spot,Position,1,1039
592.37,150.304,564.061,µm,Spot,Position,1,1040
576.799,143.248,566.439,µm,Spot,Position,1,1041
613.526,169.353,569.46,µm,Spot,Position,1,1042
598.579,161.942,572.508,µm,Spot,Position,1,1043
582.97,155.299,575.137,µm,Spot,Position,1,1044
588.829,167.078,583.48,µm,Spot,Position,1,1045
645.799,171.008,542.99,µm,Spot,Position,1,1046
271.492,202.681,537.684,µm,Spot,Position,1,1047
295.391,179.83,539.496,µm,Spot,Position,1,1048
262.926,217.332,542.617,µm,Spot,Position,1,1049
285.898,193.424,545.942,µm,Spot,Position,1,1050
255.221,232.025,547.864,µm,Spot,Position,1,1051
276.888,207.017,551.28,µm,Spot,Position,1,1052
300.955,184.444,553.818,µm,Spot,Position,1,1053
268.827,222.065,556.632,µm,Spot,Position,1,1054
292.135,198.29,559.701,µm,Spot,Position,1,1055
282.775,212.552,565.301,µm,Spot,Position,1,1056
307.284,189.944,567.143,µm,Spot,Position,1,1057
274.88,227.459,569.51,µm,Spot,Position,1,1058
298.446,204.336,572.823,µm,Spot,Position,1,1059
289.914,219.102,578.174,µm,Spot,Position,1,1060
313.936,195.841,580.561,µm,Spot,Position,1,1061
281.974,234.808,582.282,µm,Spot,Position,1,1062
304.954,210.704,585.84,µm,Spot,Position,1,1063
297.45,226.681,590.084,µm,Spot,Position,1,1064
312.755,218.754,597.846,µm,Spot,Position,1,1065
305.068,234.787,601.812,µm,Spot,Position,1,1066
316.638,176.612,561.016,µm,Spot,Position,1,1067
323.45,182.415,574.487,µm,Spot,Position,1,1068
340.626,175.765,581.034,µm,Spot,Position,1,1069
330.402,189.319,587.502,µm,Spot,Position,1,1070
321.154,203.43,592.937,µm,Spot,Position,1,1071
347.755,182.798,593.621,µm,Spot,Position,1,1072
365.085,177.882,599.574,µm,Spot,Position,1,1073
338.355,196.96,599.593,µm,Spot,Position,1,1074
636.678,173.968,554.685,µm,Spot,Position,1,1075
627.981,177.308,566.339,µm,Spot,Position,1,1076
632.776,189.909,573.214,µm,Spot,Position,1,1077
618.517,181.935,577.088,µm,Spot,Position,1,1078
603.553,174.02,580.157,µm,Spot,Position,1,1079
637.393,202.65,580.282,µm,Spot,Position,1,1080
623.833,194.425,584.411,µm,Spot,Position,1,1081
609.678,186.419,587.75,µm,Spot,Position,1,1082
594.794,179.15,590.983,µm,Spot,Position,1,1083
628.682,207.183,590.531,µm,Spot,Position,1,1084
579.269,172.629,593.644,µm,Spot,Position,1,1085
614.878,199.414,594.718,µm,Spot,Position,1,1086
633.493,220.179,597.001,µm,Spot,Position,1,1087
600.484,191.889,597.905,µm,Spot,Position,1,1088
619.845,212.407,600.8,µm,Spot,Position,1,1089
585.276,185.507,601.496,µm,Spot,Position,1,1090
636.827,234.534,602.156,µm,Spot,Position,1,1091
659.259,180.891,539.157,µm,Spot,Position,1,1092
688.301,229.509,540.925,µm,Spot,Position,1,1093
675.589,203.907,541.874,µm,Spot,Position,1,1094
663.496,192.909,546.91,µm,Spot,Position,1,1095
678.932,216.597,548.182,µm,Spot,Position,1,1096
650.617,182.581,551.212,µm,Spot,Position,1,1097
667.746,205.049,553.456,µm,Spot,Position,1,1098
681.257,230.636,552.931,µm,Spot,Position,1,1099
655.156,195.055,558.1,µm,Spot,Position,1,1100
671.247,218.364,559.275,µm,Spot,Position,1,1101
641.772,186.029,562.015,µm,Spot,Position,1,1102
659.261,208.017,564.91,µm,Spot,Position,1,1103
673.768,232.246,565.054,µm,Spot,Position,1,1104
646.343,198.295,569.238,µm,Spot,Position,1,1105
663.486,220.966,570.64,µm,Spot,Position,1,1106
650.713,211.067,575.583,µm,Spot,Position,1,1107
666.232,235.519,575.483,µm,Spot,Position,1,1108
654.975,224.873,581.349,µm,Spot,Position,1,1109
642.153,215.447,586.378,µm,Spot,Position,1,1110
645.958,229.354,592.062,µm,Spot,Position,1,1111
243.174,242.805,537.839,µm,Spot,Position,1,1112
236.341,259.024,541.105,µm,Spot,Position,1,1113
232.032,275.939,543.252,µm,Spot,Position,1,1114
248.42,247.573,551.588,µm,Spot,Position,1,1115
242.634,263.771,554.577,µm,Spot,Position,1,1116
238.257,280.261,556.229,µm,Spot,Position,1,1117
249.181,269.149,567.397,µm,Spot,Position,1,1118
245.125,286.472,568.607,µm,Spot,Position,1,1119
261.613,237.385,560.933,µm,Spot,Position,1,1120
254.507,252.966,564.374,µm,Spot,Position,1,1121
268.595,243.64,573.97,µm,Spot,Position,1,1122
261.923,259.898,576.91,µm,Spot,Position,1,1123
257.066,275.837,579.59,µm,Spot,Position,1,1124
253.792,292.419,580.154,µm,Spot,Position,1,1125
275.388,250.501,585.94,µm,Spot,Position,1,1126
269.797,267.075,588.632,µm,Spot,Position,1,1127
265.427,283.388,590.806,µm,Spot,Position,1,1128
263.199,298.634,590.921,µm,Spot,Position,1,1129
289.655,242.208,594.022,µm,Spot,Position,1,1130
284.003,259.186,597.316,µm,Spot,Position,1,1131
278.615,275.989,599.642,µm,Spot,Position,1,1132
274.591,293.662,600.06,µm,Spot,Position,1,1133
689.051,243.242,545.404,µm,Spot,Position,1,1134
682.537,244.96,557.03,µm,Spot,Position,1,1135
675.306,247.032,568.053,µm,Spot,Position,1,1136
667.828,250.375,578.851,µm,Spot,Position,1,1137
657.906,239.333,586.196,µm,Spot,Position,1,1138
659.255,253.801,589.272,µm,Spot,Position,1,1139
648.921,243.475,596.409,µm,Spot,Position,1,1140
649.965,258.011,599.365,µm,Spot,Position,1,1141
695.467,743.248,600.666,µm,Spot,Position,1,1142
752.026,711.919,537.769,µm,Spot,Position,1,1143
750.199,738.478,541.568,µm,Spot,Position,1,1144
749.296,725.15,546.335,µm,Spot,Position,1,1145
742.115,752.681,547.617,µm,Spot,Position,1,1146
746.313,711.907,550.186,µm,Spot,Position,1,1147
742.468,739.795,553.277,µm,Spot,Position,1,1148
741.391,725.553,558.242,µm,Spot,Position,1,1149
733.577,752.843,559.235,µm,Spot,Position,1,1150
739.258,711.351,561.412,µm,Spot,Position,1,1151
733.996,738.715,564.412,µm,Spot,Position,1,1152
732.836,724.538,568.88,µm,Spot,Position,1,1153
724.495,751.621,570.229,µm,Spot,Position,1,1154
731.12,710.651,571.676,µm,Spot,Position,1,1155
724.917,737.374,575.199,µm,Spot,Position,1,1156
724.138,722.847,579.389,µm,Spot,Position,1,1157
715.196,749.805,580.586,µm,Spot,Position,1,1158
721.577,709.108,581.986,µm,Spot,Position,1,1159
715.674,735.353,585.415,µm,Spot,Position,1,1160
714.899,721.004,589.63,µm,Spot,Position,1,1161
705.751,746.809,590.745,µm,Spot,Position,1,1162
711.839,707.783,592.336,µm,Spot,Position,1,1163
705.989,732.332,595.897,µm,Spot,Position,1,1164
704.806,716.881,599.378,µm,Spot,Position,1,1165
309.045,807.451,547.046,µm,Spot,Position,1,1166
300.994,792.211,549.264,µm,Spot,Position,1,1167
314.223,801.425,560.138,µm,Spot,Position,1,1168
306.986,786.162,562.486,µm,Spot,Position,1,1169
313.96,778.671,575.187,µm,Spot,Position,1,1170
323.544,815.412,556.8,µm,Spot,Position,1,1171
329.013,809.111,569.709,µm,Spot,Position,1,1172
320.497,793.948,572.813,µm,Spot,Position,1,1173
344.732,814.922,578.385,µm,Spot,Position,1,1174
335.499,800.721,582.071,µm,Spot,Position,1,1175
327.348,785.735,585.119,µm,Spot,Position,1,1176
321.824,770.707,586.756,µm,Spot,Position,1,1177
350.64,806.053,590.616,µm,Spot,Position,1,1178
341.161,791.359,593.759,µm,Spot,Position,1,1179
333.32,774.661,595.573,µm,Spot,Position,1,1180
366.92,811.066,598.694,µm,Spot,Position,1,1181
356.935,796.492,601.539,µm,Spot,Position,1,1182
696.982,815.058,557.502,µm,Spot,Position,1,1183
698.942,801.684,565.152,µm,Spot,Position,1,1184
686.804,813.045,568.604,µm,Spot,Position,1,1185
700.898,788.476,572.067,µm,Spot,Position,1,1186
689.051,799.374,576.314,µm,Spot,Position,1,1187
702.983,774.745,578.64,µm,Spot,Position,1,1188
676.573,810.409,579.568,µm,Spot,Position,1,1189
691.306,785.641,582.314,µm,Spot,Position,1,1190
704.06,760.854,585.284,µm,Spot,Position,1,1191
678.662,796.744,586.396,µm,Spot,Position,1,1192
692.789,771.779,589.428,µm,Spot,Position,1,1193
665.434,806.87,590.103,µm,Spot,Position,1,1194
652.07,816.962,592.601,µm,Spot,Position,1,1195
680.779,782.825,593.495,µm,Spot,Position,1,1196
694.187,757.825,595.593,µm,Spot,Position,1,1197
668.548,793.135,596.914,µm,Spot,Position,1,1198
682.549,768.337,599.502,µm,Spot,Position,1,1199
655.126,802.997,599.887,µm,Spot,Position,1,1200
729.94,791.412,538.546,µm,Spot,Position,1,1201
741.375,765.615,541.576,µm,Spot,Position,1,1202
718.493,804.14,543.094,µm,Spot,Position,1,1203
731.492,778.874,546.238,µm,Spot,Position,1,1204
707.081,815.663,546.172,µm,Spot,Position,1,1205
721.167,791.141,550.311,µm,Spot,Position,1,1206
733.107,765.865,552.533,µm,Spot,Position,1,1207
709.111,803.25,554.271,µm,Spot,Position,1,1208
722.179,778.362,557.211,µm,Spot,Position,1,1209
711.114,790.409,561.252,µm,Spot,Position,1,1210
723.802,765.082,563.361,µm,Spot,Position,1,1211
712.675,776.785,568.051,µm,Spot,Position,1,1212
714.326,763.584,574.583,µm,Spot,Position,1,1213
368.675,865.57,537.906,µm,Spot,Position,1,1214
328.544,834.581,539.366,µm,Spot,Position,1,1215
318.531,821.255,543.518,µm,Spot,Position,1,1216
355.972,853.742,543.698,µm,Spot,Position,1,1217
344.726,841.545,548.868,µm,Spot,Position,1,1218
372.903,859.772,551.941,µm,Spot,Position,1,1219
334.013,829.405,553.353,µm,Spot,Position,1,1220
361.148,848.078,557.059,µm,Spot,Position,1,1221
349.736,835.489,562.091,µm,Spot,Position,1,1222
377.915,853.686,565.462,µm,Spot,Position,1,1223
339.126,822.457,566.403,µm,Spot,Position,1,1224
366.413,841.507,570.597,µm,Spot,Position,1,1225
355.389,828.395,575.224,µm,Spot,Position,1,1226
372.049,833.473,583.334,µm,Spot,Position,1,1227
361.048,820.186,587.148,µm,Spot,Position,1,1228
377.86,824.696,595.52,µm,Spot,Position,1,1229
398.192,880.864,538.806,µm,Spot,Position,1,1230
385.623,870.965,545.994,µm,Spot,Position,1,1231
402.842,875.134,553.103,µm,Spot,Position,1,1232
390.247,864.698,559.398,µm,Spot,Position,1,1233
421.392,878.827,559.219,µm,Spot,Position,1,1234
439.681,881.195,565.404,µm,Spot,Position,1,1235
408.416,868.767,566.331,µm,Spot,Position,1,1236
427.176,871.822,572.562,µm,Spot,Position,1,1237
396.017,857.841,573.028,µm,Spot,Position,1,1238
383.793,846.618,578.626,µm,Spot,Position,1,1239
414.584,861.398,579.201,µm,Spot,Position,1,1240
401.889,850.376,585.436,µm,Spot,Position,1,1241
432.876,863.33,585.162,µm,Spot,Position,1,1242
389.234,837.803,590.816,µm,Spot,Position,1,1243
419.953,852.635,591.56,µm,Spot,Position,1,1244
407.921,841.383,597.483,µm,Spot,Position,1,1245
438.691,854.708,597.643,µm,Spot,Position,1,1246
458.32,882.134,571.113,µm,Spot,Position,1,1247
477.431,882.883,575.545,µm,Spot,Position,1,1248
445.442,873.145,578.465,µm,Spot,Position,1,1249
496.342,881.166,580.253,µm,Spot,Position,1,1250
464.138,874.012,583.68,µm,Spot,Position,1,1251
483.135,873.891,587.861,µm,Spot,Position,1,1252
451.346,864.612,590.635,µm,Spot,Position,1,1253
502.467,871.647,591.457,µm,Spot,Position,1,1254
470.321,864.647,595.59,µm,Spot,Position,1,1255
489.322,863.341,599.362,µm,Spot,Position,1,1256
545.405,882.116,576.127,µm,Spot,Position,1,1257
562.844,878.003,577.587,µm,Spot,Position,1,1258
515.344,878.95,583.3,µm,Spot,Position,1,1259
533.442,875.695,585.251,µm,Spot,Position,1,1260
550.6,871.581,587.074,µm,Spot,Position,1,1261
567.973,866.639,588.362,µm,Spot,Position,1,1262
521.011,868.514,594.281,µm,Spot,Position,1,1263
538.327,864.805,596.407,µm,Spot,Position,1,1264
555.721,860.714,597.815,µm,Spot,Position,1,1265
573.395,855.109,598.83,µm,Spot,Position,1,1266
632.234,877.841,546.819,µm,Spot,Position,1,1267
636.885,866.63,556.983,µm,Spot,Position,1,1268
620.621,874.629,557.742,µm,Spot,Position,1,1269
603.994,881.866,557.924,µm,Spot,Position,1,1270
575.14,883.354,567.708,µm,Spot,Position,1,1271
625.219,863.545,568.158,µm,Spot,Position,1,1272
608.864,870.622,568.792,µm,Spot,Position,1,1273
592.32,877.695,568.393,µm,Spot,Position,1,1274
629.877,850.907,578.253,µm,Spot,Position,1,1275
580.21,872.707,578.464,µm,Spot,Position,1,1276
613.762,858.74,579.065,µm,Spot,Position,1,1277
597.591,866.161,579.41,µm,Spot,Position,1,1278
634.128,838.901,586.928,µm,Spot,Position,1,1279
618.059,846.757,588.513,µm,Spot,Position,1,1280
602.133,854.079,589.556,µm,Spot,Position,1,1281
585.119,860.73,589.176,µm,Spot,Position,1,1282
637.473,825.75,595.608,µm,Spot,Position,1,1283
622.116,834.057,597.224,µm,Spot,Position,1,1284
606.432,841.49,598.329,µm,Spot,Position,1,1285
590.198,848.834,598.793,µm,Spot,Position,1,1286
691.479,839.374,540.103,µm,Spot,Position,1,1287
677.596,849.912,542.809,µm,Spot,Position,1,1288
663.027,859.664,544.537,µm,Spot,Position,1,1289
648.146,869.071,545.89,µm,Spot,Position,1,1290
694.512,827.215,549.005,µm,Spot,Position,1,1291
680.758,838.233,551.982,µm,Spot,Position,1,1292
666.702,848.35,553.98,µm,Spot,Position,1,1293
652.152,857.723,555.872,µm,Spot,Position,1,1294
684.077,826.262,560.607,µm,Spot,Position,1,1295
670.21,836.019,563.025,µm,Spot,Position,1,1296
656.458,845.909,565.561,µm,Spot,Position,1,1297
641.042,854.742,567.088,µm,Spot,Position,1,1298
673.702,823.647,571.681,µm,Spot,Position,1,1299
659.454,833.354,574.267,µm,Spot,Position,1,1300
645.035,842.574,576.246,µm,Spot,Position,1,1301
662.906,820.228,582.18,µm,Spot,Position,1,1302
648.529,830.26,584.745,µm,Spot,Position,1,1303
428.554,894.165,537.942,µm,Spot,Position,1,1304
416.15,884.95,545.676,µm,Spot,Position,1,1305
434.135,887.849,551.819,µm,Spot,Position,1,1306
478.484,905.569,540.981,µm,Spot,Position,1,1307
447.285,896.694,543.625,µm,Spot,Position,1,1308
497.142,905.573,545.212,µm,Spot,Position,1,1309
465.485,898.143,549.133,µm,Spot,Position,1,1310
484.357,898.346,554.135,µm,Spot,Position,1,1311
452.72,890.183,557.491,µm,Spot,Position,1,1312
503.261,898.055,558.247,µm,Spot,Position,1,1313
471.535,890.843,562.328,µm,Spot,Position,1,1314
490.382,890.584,566.999,µm,Spot,Position,1,1315
509.341,888.848,571.073,µm,Spot,Position,1,1316
528.853,909.197,539.406,µm,Spot,Position,1,1317
547.058,906.163,541.75,µm,Spot,Position,1,1318
564.292,902.476,544.231,µm,Spot,Position,1,1319
516.147,903.867,548.689,µm,Spot,Position,1,1320
534.851,901.245,552.06,µm,Spot,Position,1,1321
552.271,897.456,554.313,µm,Spot,Position,1,1322
569.635,893.244,556.116,µm,Spot,Position,1,1323
522.317,895.425,562.234,µm,Spot,Position,1,1324
540.371,892.208,564.444,µm,Spot,Position,1,1325
557.511,888.273,566.328,µm,Spot,Position,1,1326
527.952,885.832,574.053,µm,Spot,Position,1,1327
598.939,892.061,546.314,µm,Spot,Position,1,1328
581.782,897.465,545.965,µm,Spot,Position,1,1329
615.862,885.078,546.984,µm,Spot,Position,1,1330
587.085,887.855,557.076,µm,Spot,Position,1,1331
430.591,157.52,604.807,µm,Spot,Position,1,1332
401.402,170.676,608.891,µm,Spot,Position,1,1333
420.294,168.895,612.53,µm,Spot,Position,1,1334
438.733,168.332,615.623,µm,Spot,Position,1,1335
448.74,157.052,607.081,µm,Spot,Position,1,1336
466.604,157.561,608.814,µm,Spot,Position,1,1337
484.644,158.975,610.043,µm,Spot,Position,1,1338
502.453,161.266,610.084,µm,Spot,Position,1,1339
456.403,167.675,616.938,µm,Spot,Position,1,1340
474.291,168.825,618.62,µm,Spot,Position,1,1341
492.302,170.396,619.142,µm,Spot,Position,1,1342
536.819,168.725,608.401,µm,Spot,Position,1,1343
519.833,164.551,609.577,µm,Spot,Position,1,1344
329.56,212.386,604.357,µm,Spot,Position,1,1345
355.446,191.718,605.689,µm,Spot,Position,1,1346
321,227.804,608.881,µm,Spot,Position,1,1347
372.822,186.852,610.979,µm,Spot,Position,1,1348
346.396,206.207,610.688,µm,Spot,Position,1,1349
337.387,221.824,615.634,µm,Spot,Position,1,1350
363.57,201.2,616.73,µm,Spot,Position,1,1351
354.091,216.278,620.943,µm,Spot,Position,1,1352
345.584,231.864,625.165,µm,Spot,Position,1,1353
371.798,211.318,627.067,µm,Spot,Position,1,1354
362.84,226.873,631.07,µm,Spot,Position,1,1355
383.14,173.88,604.713,µm,Spot,Position,1,1356
391.153,183.592,615.979,µm,Spot,Position,1,1357
409.915,180.945,619.686,µm,Spot,Position,1,1358
381.377,197.185,621.732,µm,Spot,Position,1,1359
428.199,179.387,623.077,µm,Spot,Position,1,1360
399.621,194.038,625.954,µm,Spot,Position,1,1361
418.116,192.044,629.731,µm,Spot,Position,1,1362
436.452,190.827,632.122,µm,Spot,Position,1,1363
389.724,207.87,632.024,µm,Spot,Position,1,1364
408.423,205.995,635.702,µm,Spot,Position,1,1365
380.466,223.117,636.079,µm,Spot,Position,1,1366
426.4,203.99,638.168,µm,Spot,Position,1,1367
444.624,203.102,640.19,µm,Spot,Position,1,1368
398.241,219.519,640.236,µm,Spot,Position,1,1369
416.867,218.345,643.787,µm,Spot,Position,1,1370
389.189,234.818,644.302,µm,Spot,Position,1,1371
434.947,216.591,646.166,µm,Spot,Position,1,1372
407.558,232.272,647.985,µm,Spot,Position,1,1373
425.749,230.456,650.444,µm,Spot,Position,1,1374
443.379,229.107,652.479,µm,Spot,Position,1,1375
509.719,173.354,619.001,µm,Spot,Position,1,1376
446.535,179.143,625.128,µm,Spot,Position,1,1377
464.13,179.862,626.508,µm,Spot,Position,1,1378
481.802,180.26,627.409,µm,Spot,Position,1,1379
499.693,182.536,627.363,µm,Spot,Position,1,1380
454.235,191.347,633.906,µm,Spot,Position,1,1381
471.656,191.956,634.779,µm,Spot,Position,1,1382
489.436,192.969,635.104,µm,Spot,Position,1,1383
506.95,195.648,635.134,µm,Spot,Position,1,1384
462.045,203.344,641.112,µm,Spot,Position,1,1385
479.421,204.134,642.165,µm,Spot,Position,1,1386
496.923,205.839,642.4,µm,Spot,Position,1,1387
452.337,215.938,647.278,µm,Spot,Position,1,1388
469.801,216.037,648.463,µm,Spot,Position,1,1389
487.252,217.701,649.231,µm,Spot,Position,1,1390
504.652,219.788,649.081,µm,Spot,Position,1,1391
460.497,229.315,654.004,µm,Spot,Position,1,1392
477.702,229.519,654.4,µm,Spot,Position,1,1393
494.956,231.838,655.015,µm,Spot,Position,1,1394
569.436,179.405,604.515,µm,Spot,Position,1,1395
553.508,173.497,606.735,µm,Spot,Position,1,1396
560.101,186.586,614.537,µm,Spot,Position,1,1397
544.073,181.231,616.859,µm,Spot,Position,1,1398
526.896,176.592,617.989,µm,Spot,Position,1,1399
566.321,199.257,620.972,µm,Spot,Position,1,1400
550.212,194.108,623.736,µm,Spot,Position,1,1401
534.173,189.325,626.042,µm,Spot,Position,1,1402
516.959,185.793,626.909,µm,Spot,Position,1,1403
572.265,213.366,627.547,µm,Spot,Position,1,1404
557.149,207.673,630.205,µm,Spot,Position,1,1405
540.872,203.266,632.629,µm,Spot,Position,1,1406
524.384,198.938,634.1,µm,Spot,Position,1,1407
563.4,221.826,636.091,µm,Spot,Position,1,1408
547.779,217.183,638.852,µm,Spot,Position,1,1409
531.346,212.661,640.949,µm,Spot,Position,1,1410
569.42,236.006,641.163,µm,Spot,Position,1,1411
514.596,208.816,642.135,µm,Spot,Position,1,1412
553.972,231.304,643.878,µm,Spot,Position,1,1413
538.412,226.211,646.217,µm,Spot,Position,1,1414
521.601,222.857,648.066,µm,Spot,Position,1,1415
512.117,234.044,654.137,µm,Spot,Position,1,1416
605.901,204.937,604.962,µm,Spot,Position,1,1417
624.943,225.954,607.073,µm,Spot,Position,1,1418
590.69,198.261,608.477,µm,Spot,Position,1,1419
575.47,192.031,611.532,µm,Spot,Position,1,1420
610.779,218.918,611.49,µm,Spot,Position,1,1421
596.776,211.768,614.98,µm,Spot,Position,1,1422
615.452,232.729,616.62,µm,Spot,Position,1,1423
581.884,204.848,618.226,µm,Spot,Position,1,1424
601.853,225.496,620.907,µm,Spot,Position,1,1425
587.845,218.894,624.306,µm,Spot,Position,1,1426
592.627,233.526,629.698,µm,Spot,Position,1,1427
578.593,227.132,633.129,µm,Spot,Position,1,1428
298.136,251.482,604.85,µm,Spot,Position,1,1429
291.888,268.207,607.108,µm,Spot,Position,1,1430
287.913,285.346,608.839,µm,Spot,Position,1,1431
313.231,244.331,612.013,µm,Spot,Position,1,1432
307.217,261.164,614.691,µm,Spot,Position,1,1433
301.838,278.351,616.655,µm,Spot,Position,1,1434
298.071,296.402,616.496,µm,Spot,Position,1,1435
311.509,288.376,623.956,µm,Spot,Position,1,1436
329.498,237.735,618.755,µm,Spot,Position,1,1437
322.478,254.334,621.736,µm,Spot,Position,1,1438
316.372,271.264,623.661,µm,Spot,Position,1,1439
337.879,248.23,627.923,µm,Spot,Position,1,1440
322.921,300.457,629.394,µm,Spot,Position,1,1441
331.269,264.652,630.15,µm,Spot,Position,1,1442
326.045,282.112,631.11,µm,Spot,Position,1,1443
354.881,242.636,633.977,µm,Spot,Position,1,1444
347.525,258.999,636.273,µm,Spot,Position,1,1445
336.494,294.101,635.862,µm,Spot,Position,1,1446
341.111,275.823,637.322,µm,Spot,Position,1,1447
371.39,238.337,639.23,µm,Spot,Position,1,1448
364.265,254.488,641.844,µm,Spot,Position,1,1449
351.325,287.698,642.323,µm,Spot,Position,1,1450
357.759,270.896,642.917,µm,Spot,Position,1,1451
362.894,299.638,644.961,µm,Spot,Position,1,1452
373.628,266.579,648.404,µm,Spot,Position,1,1453
367.805,283.338,647.971,µm,Spot,Position,1,1454
378.625,296.245,649.952,µm,Spot,Position,1,1455
381.564,250.64,646.931,µm,Spot,Position,1,1456
398.843,247.355,651.138,µm,Spot,Position,1,1457
383.405,279.809,652.46,µm,Spot,Position,1,1458
391.277,263.501,652.901,µm,Spot,Position,1,1459
416.518,245.475,654.131,µm,Spot,Position,1,1460
394.174,293.403,654.18,µm,Spot,Position,1,1461
434.088,243.843,656.186,µm,Spot,Position,1,1462
407.969,260.424,656.552,µm,Spot,Position,1,1463
400.708,276.801,656.826,µm,Spot,Position,1,1464
410.367,290.802,657.916,µm,Spot,Position,1,1465
425.525,258.701,659.187,µm,Spot,Position,1,1466
417.462,274.374,659.978,µm,Spot,Position,1,1467
426.449,288.62,660.487,µm,Spot,Position,1,1468
442.68,257.326,661.265,µm,Spot,Position,1,1469
434.069,272.732,662.451,µm,Spot,Position,1,1470
442.725,287.433,662.592,µm,Spot,Position,1,1471
451.503,243.221,658.011,µm,Spot,Position,1,1472
468.114,243.288,659.176,µm,Spot,Position,1,1473
485.363,243.698,659.346,µm,Spot,Position,1,1474
502.243,245.31,659.304,µm,Spot,Position,1,1475
459.145,257.106,662.226,µm,Spot,Position,1,1476
475.625,257.123,663.386,µm,Spot,Position,1,1477
492.464,258.034,663.277,µm,Spot,Position,1,1478
509.438,259.747,663.207,µm,Spot,Position,1,1479
450.59,271.776,663.634,µm,Spot,Position,1,1480
458.671,286.409,664.208,µm,Spot,Position,1,1481
466.989,271.645,665.089,µm,Spot,Position,1,1482
474.387,286.644,665.577,µm,Spot,Position,1,1483
483.543,271.924,665.968,µm,Spot,Position,1,1484
499.738,272.755,666.152,µm,Spot,Position,1,1485
490.485,286.691,666.781,µm,Spot,Position,1,1486
506.46,287.127,666.849,µm,Spot,Position,1,1487
574.816,251.509,644.954,µm,Spot,Position,1,1488
560.35,245.731,648.162,µm,Spot,Position,1,1489
545.012,240.996,651.117,µm,Spot,Position,1,1490
565.758,261.023,651.314,µm,Spot,Position,1,1491
570.038,276.807,652.367,µm,Spot,Position,1,1492
528.772,236.878,653.093,µm,Spot,Position,1,1493
551.23,255.777,654.541,µm,Spot,Position,1,1494
556.774,272.233,656.533,µm,Spot,Position,1,1495
535.329,251.463,657.134,µm,Spot,Position,1,1496
519.285,247.633,658.415,µm,Spot,Position,1,1497
541.289,266.913,659.996,µm,Spot,Position,1,1498
546.945,282.326,660.294,µm,Spot,Position,1,1499
526.545,262.439,661.769,µm,Spot,Position,1,1500
532.743,278.828,663.437,µm,Spot,Position,1,1501
516.18,274.345,665.571,µm,Spot,Position,1,1502
522.173,288.1,665.612,µm,Spot,Position,1,1503
628.265,240.916,612.727,µm,Spot,Position,1,1504
630.697,256.707,615.91,µm,Spot,Position,1,1505
619.589,248.11,621.603,µm,Spot,Position,1,1506
620.931,264.033,624.151,µm,Spot,Position,1,1507
606.866,239.988,625.992,µm,Spot,Position,1,1508
610.873,256.048,629.923,µm,Spot,Position,1,1509
598.235,248.622,634.055,µm,Spot,Position,1,1510
602.373,265.2,635.69,µm,Spot,Position,1,1511
583.985,242.152,637.951,µm,Spot,Position,1,1512
589.11,257.385,641.191,µm,Spot,Position,1,1513
592.358,272.619,642.258,µm,Spot,Position,1,1514
579.976,267.488,647.377,µm,Spot,Position,1,1515
639.874,249.014,606.638,µm,Spot,Position,1,1516
639.943,262.914,609.318,µm,Spot,Position,1,1517
285.178,301.983,607.701,µm,Spot,Position,1,1518
309.348,304.305,622.636,µm,Spot,Position,1,1519
347.451,302.953,639.187,µm,Spot,Position,1,1520
348.909,755.649,612.801,µm,Spot,Position,1,1521
372.009,747.439,627.018,µm,Spot,Position,1,1522
387.481,748.685,633.554,µm,Spot,Position,1,1523
401.649,751.739,639.827,µm,Spot,Position,1,1524
409.884,740.014,644.033,µm,Spot,Position,1,1525
418.582,754.051,646.13,µm,Spot,Position,1,1526
426.005,739.542,648.963,µm,Spot,Position,1,1527
435.37,753.934,651.42,µm,Spot,Position,1,1528
442.538,738.868,653.286,µm,Spot,Position,1,1529
452.453,753.162,655.422,µm,Spot,Position,1,1530
458.824,737.776,656.686,µm,Spot,Position,1,1531
469.471,751.448,658.662,µm,Spot,Position,1,1532
475.773,735.639,659.534,µm,Spot,Position,1,1533
491.955,733.378,661.652,µm,Spot,Position,1,1534
486.937,749.274,661.325,µm,Spot,Position,1,1535
503.09,746.884,662.578,µm,Spot,Position,1,1536
507.473,730.855,663.247,µm,Spot,Position,1,1537
563.26,745.216,661.208,µm,Spot,Position,1,1538
547.318,751.408,661.77,µm,Spot,Position,1,1539
566.189,729.801,663.684,µm,Spot,Position,1,1540
569.228,714.124,664.302,µm,Spot,Position,1,1541
522.94,727.444,664.826,µm,Spot,Position,1,1542
550.765,735.083,664.508,µm,Spot,Position,1,1543
534.805,739.989,664.776,µm,Spot,Position,1,1544
519.177,743.283,664.102,µm,Spot,Position,1,1545
553.864,719.135,665.52,µm,Spot,Position,1,1546
538.522,723.468,665.392,µm,Spot,Position,1,1547
626.815,754.981,638.821,µm,Spot,Position,1,1548
629.09,739.372,643.156,µm,Spot,Position,1,1549
615.909,748.248,645.498,µm,Spot,Position,1,1550
630.71,708.821,645.825,µm,Spot,Position,1,1551
630.317,722.989,645.924,µm,Spot,Position,1,1552
617.91,731.587,649.587,µm,Spot,Position,1,1553
617.835,714.327,651.148,µm,Spot,Position,1,1554
604.412,739.846,652.31,µm,Spot,Position,1,1555
590.446,747.863,654.664,µm,Spot,Position,1,1556
605.858,722.271,654.934,µm,Spot,Position,1,1557
575.042,754.61,656.196,µm,Spot,Position,1,1558
595.023,714.26,658.626,µm,Spot,Position,1,1559
592.63,730.913,657.949,µm,Spot,Position,1,1560
578.45,738.263,659.964,µm,Spot,Position,1,1561
581.655,721.619,661.711,µm,Spot,Position,1,1562
695.674,727.929,605.413,µm,Spot,Position,1,1563
684.243,753.448,605.459,µm,Spot,Position,1,1564
695.15,711.823,607.988,µm,Spot,Position,1,1565
684.936,738.941,610.763,µm,Spot,Position,1,1566
685.781,723.418,614.668,µm,Spot,Position,1,1567
673.769,749.131,614.862,µm,Spot,Position,1,1568
684.674,708.933,616.186,µm,Spot,Position,1,1569
674.843,733.477,619.866,µm,Spot,Position,1,1570
674.754,716.917,622.978,µm,Spot,Position,1,1571
663.385,743.459,623.841,µm,Spot,Position,1,1572
664.297,727.659,627.806,µm,Spot,Position,1,1573
651.019,752.87,627.701,µm,Spot,Position,1,1574
663.477,711.705,630,µm,Spot,Position,1,1575
652.712,737.656,632.241,µm,Spot,Position,1,1576
653.499,720.704,635.036,µm,Spot,Position,1,1577
639.945,746.289,635.671,µm,Spot,Position,1,1578
642.075,730.527,639.362,µm,Spot,Position,1,1579
643.057,713.525,640.196,µm,Spot,Position,1,1580
347.365,780.907,604.05,µm,Spot,Position,1,1581
339.482,764.538,603.985,µm,Spot,Position,1,1582
373.815,800.737,609.549,µm,Spot,Position,1,1583
363.205,785.768,611.694,µm,Spot,Position,1,1584
355.024,769.928,613.496,µm,Spot,Position,1,1585
379.716,789.964,619.183,µm,Spot,Position,1,1586
362.652,757.982,620.898,µm,Spot,Position,1,1587
370.522,774.531,621.038,µm,Spot,Position,1,1588
378.124,762.417,628.186,µm,Spot,Position,1,1589
384.214,814.922,606.471,µm,Spot,Position,1,1590
401.583,818.019,612.948,µm,Spot,Position,1,1591
390.328,803.987,616.597,µm,Spot,Position,1,1592
407.916,807.196,623.275,µm,Spot,Position,1,1593
397.269,792.65,625.859,µm,Spot,Position,1,1594
387.037,777.739,627.945,µm,Spot,Position,1,1595
426.366,808.096,628.961,µm,Spot,Position,1,1596
414.789,794.579,631.758,µm,Spot,Position,1,1597
403.909,780.545,634.144,µm,Spot,Position,1,1598
444.762,808.822,634.09,µm,Spot,Position,1,1599
394.672,765.19,634.721,µm,Spot,Position,1,1600
432.503,796.009,637.323,µm,Spot,Position,1,1601
421.675,781.525,639.837,µm,Spot,Position,1,1602
411.32,767.385,640.886,µm,Spot,Position,1,1603
439.535,782.039,645.006,µm,Spot,Position,1,1604
428.384,768.607,646.429,µm,Spot,Position,1,1605
494.154,817.847,636.02,µm,Spot,Position,1,1606
463.299,807.921,638.229,µm,Spot,Position,1,1607
481.689,805.646,641.613,µm,Spot,Position,1,1608
450.76,794.553,642.671,µm,Spot,Position,1,1609
499.616,803.469,644.212,µm,Spot,Position,1,1610
469.517,793.637,645.852,µm,Spot,Position,1,1611
457.801,781.348,649.013,µm,Spot,Position,1,1612
487.426,791.665,648.872,µm,Spot,Position,1,1613
504.924,789.473,650.341,µm,Spot,Position,1,1614
446.165,767.952,651.121,µm,Spot,Position,1,1615
475.143,779.971,652.467,µm,Spot,Position,1,1616
463.852,766.476,655.015,µm,Spot,Position,1,1617
493.02,777.24,654.89,µm,Spot,Position,1,1618
509.915,774.523,656.031,µm,Spot,Position,1,1619
481.666,764.701,658.011,µm,Spot,Position,1,1620
498.603,762.112,659.945,µm,Spot,Position,1,1621
558.418,814.387,633.039,µm,Spot,Position,1,1622
512.061,814.199,638.068,µm,Spot,Position,1,1623
528.906,810.237,639.079,µm,Spot,Position,1,1624
562.883,800.387,640.233,µm,Spot,Position,1,1625
546.17,805.419,640.12,µm,Spot,Position,1,1626
517.026,800.167,645.135,µm,Spot,Position,1,1627
567.417,785.907,646.561,µm,Spot,Position,1,1628
533.865,796.263,646.494,µm,Spot,Position,1,1629
550.629,790.776,646.806,µm,Spot,Position,1,1630
571.258,770.119,652.096,µm,Spot,Position,1,1631
555.152,776.598,652.531,µm,Spot,Position,1,1632
538.562,781.461,652.455,µm,Spot,Position,1,1633
521.57,785.365,651.824,µm,Spot,Position,1,1634
559.372,760.987,657.435,µm,Spot,Position,1,1635
543.055,766.462,657.479,µm,Spot,Position,1,1636
526.475,770.875,657.438,µm,Spot,Position,1,1637
530.927,755.881,661.715,µm,Spot,Position,1,1638
514.552,759.126,660.886,µm,Spot,Position,1,1639
629.62,806.63,612.479,µm,Spot,Position,1,1640
614.605,814.895,614.429,µm,Spot,Position,1,1641
633.104,792.845,619.234,µm,Spot,Position,1,1642
618.226,800.966,621.785,µm,Spot,Position,1,1643
603.012,809.174,623.279,µm,Spot,Position,1,1644
587.136,815.565,624.762,µm,Spot,Position,1,1645
635.348,777.501,625.797,µm,Spot,Position,1,1646
621.921,786.302,628.335,µm,Spot,Position,1,1647
606.942,794.353,630.282,µm,Spot,Position,1,1648
638.165,762.095,630.955,µm,Spot,Position,1,1649
591.425,802.004,631.353,µm,Spot,Position,1,1650
575.105,808.039,632.717,µm,Spot,Position,1,1651
624.666,770.715,634.044,µm,Spot,Position,1,1652
610.4,779.072,636.226,µm,Spot,Position,1,1653
595.211,786.93,637.987,µm,Spot,Position,1,1654
579.421,794.218,639.402,µm,Spot,Position,1,1655
613.295,763.402,641.348,µm,Spot,Position,1,1656
598.498,771.422,643.83,µm,Spot,Position,1,1657
583.702,779.204,645.587,µm,Spot,Position,1,1658
601.784,756.168,648.364,µm,Spot,Position,1,1659
587.264,763.49,650.43,µm,Spot,Position,1,1660
641.296,812.44,602.972,µm,Spot,Position,1,1661
670.167,778.547,603.278,µm,Spot,Position,1,1662
657.468,788.762,606.789,µm,Spot,Position,1,1663
672.403,763.877,609.569,µm,Spot,Position,1,1664
644.162,798.136,609.917,µm,Spot,Position,1,1665
659.606,774.034,613.55,µm,Spot,Position,1,1666
646.498,783.559,616.736,µm,Spot,Position,1,1667
662.184,758.897,618.973,µm,Spot,Position,1,1668
648.893,768.21,622.495,µm,Spot,Position,1,1669
395.635,828.291,602.47,µm,Spot,Position,1,1670
425.901,843.44,603.642,µm,Spot,Position,1,1671
413.593,831.183,608.809,µm,Spot,Position,1,1672
444.468,844.726,609.205,µm,Spot,Position,1,1673
432.04,832.397,614.752,µm,Spot,Position,1,1674
420.384,819.789,619.467,µm,Spot,Position,1,1675
438.578,821.105,624.986,µm,Spot,Position,1,1676
457.219,854.988,602.952,µm,Spot,Position,1,1677
508.176,860.94,602.806,µm,Spot,Position,1,1678
476.248,854.469,606.855,µm,Spot,Position,1,1679
495.188,852.162,610.351,µm,Spot,Position,1,1680
463.649,844.148,613.739,µm,Spot,Position,1,1681
482.276,842.918,618.072,µm,Spot,Position,1,1682
451.015,833.027,619.616,µm,Spot,Position,1,1683
501.28,840.337,620.669,µm,Spot,Position,1,1684
469.729,831.669,624.78,µm,Spot,Position,1,1685
488.51,830.279,627.66,µm,Spot,Position,1,1686
457.163,820.513,629.783,µm,Spot,Position,1,1687
507.076,827.688,630.089,µm,Spot,Position,1,1688
475.698,820.115,633.284,µm,Spot,Position,1,1689
526.43,857.796,605.03,µm,Spot,Position,1,1690
543.734,853.416,606.532,µm,Spot,Position,1,1691
560.904,848.497,607.648,µm,Spot,Position,1,1692
513.759,849.748,613.12,µm,Spot,Position,1,1693
531.523,845.885,615.085,µm,Spot,Position,1,1694
548.877,841.648,616.128,µm,Spot,Position,1,1695
566.014,835.858,617.016,µm,Spot,Position,1,1696
519.646,836.902,622.984,µm,Spot,Position,1,1697
536.596,833.243,623.983,µm,Spot,Position,1,1698
570.81,822.442,625.081,µm,Spot,Position,1,1699
553.645,828.221,624.969,µm,Spot,Position,1,1700
524.115,823.899,630.843,µm,Spot,Position,1,1701
541.196,818.989,632.562,µm,Spot,Position,1,1702
626.311,820.567,605.627,µm,Spot,Position,1,1703
610.72,828.962,606.599,µm,Spot,Position,1,1704
594.623,835.983,607.492,µm,Spot,Position,1,1705
578.191,842.883,608.05,µm,Spot,Position,1,1706
599.158,822.897,615.739,µm,Spot,Position,1,1707
582.983,829.638,616.904,µm,Spot,Position,1,1708
